genome	coverage	breadth	nucl_diversity	length	true_scaffolds	detected_scaffolds	coverage_median	coverage_std	coverage_SEM	breadth_minCov	breadth_expected	nucl_diversity_rarefied	conANI_reference	popANI_reference	iRep	iRep_GC_corrected	linked_SNV_count	SNV_distance_mean	r2_mean	d_prime_mean	consensus_divergent_sites	population_divergent_sites	SNS_count	SNV_count	filtered_read_pair_count	reads_unfiltered_pairs	reads_mean_PID	reads_unfiltered_reads	divergent_site_count
3300020502-bin.7	13.583284195639928	0.9901994271264036	0.02998308921679288	1668780	187	187	13	7.728102228943671	0.006050557947360615	0.8931758530183727	0.9999938190584564	0.003025581158014092	0.9973156910971652	0.999654481608358	4.41740024460738	False	23658.0	30.5246005579508	0.18211134837161344	0.8674468174702614	4001	515	491	43148	113288	52779	0.9564511040476462	246579	43639
