genome	coverage	breadth	nucl_diversity	length	true_scaffolds	detected_scaffolds	coverage_median	coverage_std	coverage_SEM	breadth_minCov	breadth_expected	nucl_diversity_rarefied	conANI_reference	popANI_reference	iRep	iRep_GC_corrected	linked_SNV_count	SNV_distance_mean	r2_mean	d_prime_mean	consensus_divergent_sites	population_divergent_sites	SNS_count	SNV_count	filtered_read_pair_count	reads_unfiltered_pairs	reads_mean_PID	reads_unfiltered_reads	divergent_site_count
3300020558-bin.18	8.59580813828981	0.9955148210620538	0.007389412949700832	831182	132	132	8	3.9848853306819914	0.004441983810058488	0.8645254589247602	0.9994945687769902	7.885159760212223e-05	0.9983717842739409	0.9999499010545828	1.8228584527646703	False	657.0	42.49010654490107	0.3250261085908526	0.9515999973857596	1170	36	36	7970	35960	4224	0.9747281482400084	52256	8006
