genome	coverage	breadth	nucl_diversity	length	true_scaffolds	detected_scaffolds	coverage_median	coverage_std	coverage_SEM	breadth_minCov	breadth_expected	nucl_diversity_rarefied	conANI_reference	popANI_reference	iRep	iRep_GC_corrected	linked_SNV_count	SNV_distance_mean	r2_mean	d_prime_mean	consensus_divergent_sites	population_divergent_sites	SNS_count	SNV_count	filtered_read_pair_count	reads_unfiltered_pairs	reads_mean_PID	reads_unfiltered_reads	divergent_site_count
3300020556-bin.9	17.26305783215122	0.9961655653797816	0.013146631773628592	1216607	100	100	17	6.515055503938662	0.0059558332762757096	0.9748990429941632	0.9999997601567052	0.00027899167341339517	0.996902372458938	0.9997942784104468	2.4691309407961333	False	11124.0	21.658935634663788	0.44812950569335736	0.9454701038043016	3674	244	221	34995	110230	9121	0.9785181330254744	133978	35216
