genome	coverage	breadth	nucl_diversity	length	true_scaffolds	detected_scaffolds	coverage_median	coverage_std	coverage_SEM	breadth_minCov	breadth_expected	nucl_diversity_rarefied	conANI_reference	popANI_reference	iRep	iRep_GC_corrected	linked_SNV_count	SNV_distance_mean	r2_mean	d_prime_mean	consensus_divergent_sites	population_divergent_sites	SNS_count	SNV_count	filtered_read_pair_count	reads_unfiltered_pairs	reads_mean_PID	reads_unfiltered_reads	divergent_site_count
3300020548-bin.6	63.00987235060237	0.9992119817045828	0.01701653465024904	836275	122	122	63	23.728219145956782	0.026334242347901767	0.9943128755493108	1.0	0.015583115100442716	0.9966434922112424	0.9998364439056714	3.825303394849096	False	308488.0	64.24562705842689	0.19196836791916094	0.8945750877104367	2791	136	123	44048	266015	41038	0.9713355980981654	393784	44171
