genome	coverage	breadth	nucl_diversity	length	true_scaffolds	detected_scaffolds	coverage_median	coverage_std	coverage_SEM	breadth_minCov	breadth_expected	nucl_diversity_rarefied	conANI_reference	popANI_reference	iRep	iRep_GC_corrected	linked_SNV_count	SNV_distance_mean	r2_mean	d_prime_mean	consensus_divergent_sites	population_divergent_sites	SNS_count	SNV_count	filtered_read_pair_count	reads_unfiltered_pairs	reads_mean_PID	divergent_site_count	reads_unfiltered_reads
3300020548-bin.6	17.947929807778547	0.9963337418911244	0.01501670441484466	836275	122	122	18	6.918849015314633	0.007678732466902553	0.9684063256703836	0.9999998689939092	0.0001430520504340435	0.9966277872307848	0.999695006754304	3.5777511490632903	False	11843.0	26.383011061386476	0.3089053114215329	0.9373317904026364	2731	247	220	26688	75563	15464	0.9744532295008136	26908	110386
