genome	coverage	breadth	nucl_diversity	length	true_scaffolds	detected_scaffolds	coverage_median	coverage_std	coverage_SEM	breadth_minCov	breadth_expected	nucl_diversity_rarefied	conANI_reference	popANI_reference	iRep	iRep_GC_corrected	linked_SNV_count	SNV_distance_mean	r2_mean	d_prime_mean	consensus_divergent_sites	population_divergent_sites	SNS_count	SNV_count	filtered_read_pair_count	reads_unfiltered_pairs	reads_mean_PID	divergent_site_count	reads_unfiltered_reads
3300020547-bin.4	19.551474892250226	0.9959189893598316	0.007456940618514839	1279585	77	77	20	7.078698573585675	0.006295761606653182	0.9748223056694164	0.999999968204858	0.0005982189357476166	0.9986098729484804	0.9998981856196408	2.215263975120497	False	7558.0	23.96096851018788	0.4246756985401052	0.9529572430179104	1734	127	118	20939	134344	7804	0.9861770263998214	21057	150785
