genome	coverage	breadth	nucl_diversity	length	true_scaffolds	detected_scaffolds	coverage_median	coverage_std	coverage_SEM	breadth_minCov	breadth_expected	nucl_diversity_rarefied	conANI_reference	popANI_reference	iRep	iRep_GC_corrected	linked_SNV_count	SNV_distance_mean	r2_mean	d_prime_mean	consensus_divergent_sites	population_divergent_sites	SNS_count	SNV_count	filtered_read_pair_count	reads_unfiltered_pairs	reads_mean_PID	reads_unfiltered_reads	divergent_site_count
3300020542-bin.8	110.4534512640218	0.9998644978811352	0.001841878388624634	4789593	274	274	109	71.59108994827349	0.03290095633955336	0.9989475097362136	1.0	0.0017252508563230216	0.9999412693184232	0.9999895497007869	1.2356889601083392	False	65644.0	72.34516482846871	0.9386510421611972	0.9941416001147962	281	50	34	28794	2680305	303592	0.9967333337069866	3028491	28828
