genome	coverage	breadth	nucl_diversity	length	true_scaffolds	detected_scaffolds	coverage_median	coverage_std	coverage_SEM	breadth_minCov	breadth_expected	nucl_diversity_rarefied	conANI_reference	popANI_reference	iRep	iRep_GC_corrected	linked_SNV_count	SNV_distance_mean	r2_mean	d_prime_mean	consensus_divergent_sites	population_divergent_sites	SNS_count	SNV_count	filtered_read_pair_count	reads_unfiltered_pairs	reads_mean_PID	divergent_site_count	reads_unfiltered_reads
3300020542-bin.8	56.76268025278974	0.9997638630255222	0.00207306642855693	4789593	274	274	56	36.934838522728356	0.016974060745865827	0.997441118692131	1.0	0.0019519421455722694	0.9999662992164882	0.9999974881403594	1.2466347473849575	False	58708.0	51.337654152756	0.8944631779640401	0.9947793637209956	161	12	10	31757	1382390	144275	0.9964921171217164	31767	1551285
