genome	coverage	breadth	nucl_diversity	length	true_scaffolds	detected_scaffolds	coverage_median	coverage_std	coverage_SEM	breadth_minCov	breadth_expected	nucl_diversity_rarefied	conANI_reference	popANI_reference	iRep	iRep_GC_corrected	linked_SNV_count	SNV_distance_mean	r2_mean	d_prime_mean	consensus_divergent_sites	population_divergent_sites	SNS_count	SNV_count	filtered_read_pair_count	reads_unfiltered_pairs	reads_mean_PID	divergent_site_count	reads_unfiltered_reads
3300020548-bin.6	18.050843323069564	0.9955588771636124	0.017676767403860122	836275	122	122	17	8.309860611442238	0.00922251610510314	0.9646456010283698	0.9999998803738837	0.0028684972103175106	0.9957555946444132	0.9995735760974528	3.7732144839057167	False	28010.0	32.48775437343806	0.2678818749899371	0.932615264488579	3424	344	315	31314	75716	16278	0.9630063747586776	31629	136177
