genome	coverage	breadth	nucl_diversity	length	true_scaffolds	detected_scaffolds	coverage_median	coverage_std	coverage_SEM	breadth_minCov	breadth_expected	nucl_diversity_rarefied	conANI_reference	popANI_reference	iRep	iRep_GC_corrected	linked_SNV_count	SNV_distance_mean	r2_mean	d_prime_mean	consensus_divergent_sites	population_divergent_sites	SNS_count	SNV_count	filtered_read_pair_count	reads_unfiltered_pairs	reads_mean_PID	divergent_site_count	reads_unfiltered_reads
3300020548-bin.6	13.241610714178949	0.993353860871125	0.016895443668105636	836275	122	122	13	6.329298624015789	0.007024432926542417	0.9357902603808556	0.9999916424251328	0.00020063403893771524	0.9955391028114771	0.9994236996184406	3.793411921318996	False	8275.0	29.532326283987924	0.2884055252542257	0.9331571063437332	3491	451	417	25045	55931	8533	0.9624607649112557	25462	98431
