genome	coverage	breadth	nucl_diversity	length	true_scaffolds	detected_scaffolds	coverage_median	coverage_std	coverage_SEM	breadth_minCov	breadth_expected	nucl_diversity_rarefied	conANI_reference	popANI_reference	iRep	iRep_GC_corrected	linked_SNV_count	SNV_distance_mean	r2_mean	d_prime_mean	consensus_divergent_sites	population_divergent_sites	SNS_count	SNV_count	filtered_read_pair_count	reads_unfiltered_pairs	reads_mean_PID	reads_unfiltered_reads	divergent_site_count
3300020548-bin.13	15.635431789406484	0.991750616097296	0.026704429197875638	1400347	202	202	15	9.804585293614748	0.008407529444664299	0.9235932236795594	0.9999989905311636	0.002331194785228113	0.996608809209565	0.9995469134055645	4.260197925371457	False	23746.0	32.599427271961595	0.2956319431079188	0.9021102297922174	4386	586	553	38866	107450	38947	0.9607111815686228	206560	39419
