genome	coverage	breadth	nucl_diversity	length	true_scaffolds	detected_scaffolds	coverage_median	coverage_std	coverage_SEM	breadth_minCov	breadth_expected	nucl_diversity_rarefied	conANI_reference	popANI_reference	iRep	iRep_GC_corrected	linked_SNV_count	SNV_distance_mean	r2_mean	d_prime_mean	consensus_divergent_sites	population_divergent_sites	SNS_count	SNV_count	filtered_read_pair_count	reads_unfiltered_pairs	reads_mean_PID	reads_unfiltered_reads	divergent_site_count
3300020548-bin.6	22.079469074168188	0.9974912558667902	0.017022881934773283	836275	122	122	22	8.588955674680719	0.009532263625058823	0.9821589788048192	0.999999996588696	0.003755426350238815	0.9963621089541064	0.9997199749194928	3.430271536134892	False	46039.0	33.563283303286354	0.2703818777119881	0.9311505770727808	2988	230	209	34399	91588	20709	0.9667472890164728	154975	34608
