genome	coverage	breadth	nucl_diversity	length	true_scaffolds	detected_scaffolds	coverage_median	coverage_std	coverage_SEM	breadth_minCov	breadth_expected	nucl_diversity_rarefied	conANI_reference	popANI_reference	iRep	iRep_GC_corrected	linked_SNV_count	SNV_distance_mean	r2_mean	d_prime_mean	consensus_divergent_sites	population_divergent_sites	SNS_count	SNV_count	filtered_read_pair_count	reads_unfiltered_pairs	reads_mean_PID	reads_unfiltered_reads	divergent_site_count
3300020491-bin.6	21.756548643461496	0.9995783061965562	0.0012130375967062364	4439240	127	127	20	9.701582939267997	0.0046177918932263	0.9966609149313846	0.9999999954631479	0.0018782680115714855	0.9999746859303724	0.999998869907606	1.4300486391835892	False	5477.0	40.94522548840606	0.6996870237200659	0.9640837640515364	112	5	4	9485	459375	59577	0.9972451511892636	523857	9489
