genome	coverage	breadth	nucl_diversity	length	true_scaffolds	detected_scaffolds	coverage_median	coverage_std	coverage_SEM	breadth_minCov	breadth_expected	nucl_diversity_rarefied	conANI_reference	popANI_reference	iRep	iRep_GC_corrected	linked_SNV_count	SNV_distance_mean	r2_mean	d_prime_mean	consensus_divergent_sites	population_divergent_sites	SNS_count	SNV_count	filtered_read_pair_count	reads_unfiltered_pairs	reads_mean_PID	divergent_site_count	reads_unfiltered_reads
3300020548-bin.6	22.134737974948436	0.9970225105378016	0.016868632517448214	836275	122	122	22	8.697853909172975	0.009653121936453271	0.9785405518519624	0.9999999967511788	0.005532666234894415	0.9962594506610422	0.9996969434054028	3.626686153978111	False	46038.0	33.82060471784178	0.27234458734065964	0.9333708082266744	3061	248	223	34191	92152	19187	0.9660921339620814	34414	155661
