genome	coverage	breadth	nucl_diversity	length	true_scaffolds	detected_scaffolds	coverage_median	coverage_std	coverage_SEM	breadth_minCov	breadth_expected	nucl_diversity_rarefied	conANI_reference	popANI_reference	iRep	iRep_GC_corrected	linked_SNV_count	SNV_distance_mean	r2_mean	d_prime_mean	consensus_divergent_sites	population_divergent_sites	SNS_count	SNV_count	filtered_read_pair_count	reads_unfiltered_pairs	reads_mean_PID	reads_unfiltered_reads	divergent_site_count
3300020548-bin.6	32.24534034856955	0.9982948192879136	0.0156693794948785	836275	122	122	33	11.28535428553657	0.012524802342273223	0.9879381782308452	0.999999999999569	0.00992203904938148	0.9968070221305564	0.9997736592639932	3.6192063844278466	False	102859.0	40.3940442742006	0.2406628955119783	0.9246851363766572	2638	187	173	36683	135277	28126	0.9727808807730256	203059	36856
