genome	coverage	breadth	nucl_diversity	length	true_scaffolds	detected_scaffolds	coverage_median	coverage_std	coverage_SEM	breadth_minCov	breadth_expected	nucl_diversity_rarefied	conANI_reference	popANI_reference	iRep	iRep_GC_corrected	linked_SNV_count	SNV_distance_mean	r2_mean	d_prime_mean	consensus_divergent_sites	population_divergent_sites	SNS_count	SNV_count	filtered_read_pair_count	reads_unfiltered_pairs	reads_mean_PID	reads_unfiltered_reads	divergent_site_count
3300020491-bin.6	28.175663401843558	0.9696846757553096	0.004411891616429207	4439240	127	127	28	22.327556273475928	0.010627544906912957	0.9306347482902478	0.9999999999843274	0.0033493563618984023	0.995894765608302	0.9986362682451164		False	36965.0	41.94930339510348	0.5610925199851556	0.9499063069363856	16960	5634	5537	38853	580666	105450	0.9899144613307856	707093	44390
