genome	coverage	breadth	nucl_diversity	length	true_scaffolds	detected_scaffolds	coverage_median	coverage_std	coverage_SEM	breadth_minCov	breadth_expected	nucl_diversity_rarefied	conANI_reference	popANI_reference	iRep	iRep_GC_corrected	linked_SNV_count	SNV_distance_mean	r2_mean	d_prime_mean	consensus_divergent_sites	population_divergent_sites	SNS_count	SNV_count	filtered_read_pair_count	reads_unfiltered_pairs	reads_mean_PID	reads_unfiltered_reads	divergent_site_count
3300020548-bin.6	38.710888164778325	0.9980987115482348	0.02002288301230708	836275	122	122	38	16.789467353573023	0.018633421221436925	0.988277779438582	0.9999999999999986	0.017385663265836834	0.9965879061843596	0.9997592174931516	3.784201597412237	False	214198.0	55.211187779531095	0.20934865463897592	0.8992287047826929	2820	199	183	41844	152495	15788	0.96599355942453	242898	42027
