genome	coverage	breadth	nucl_diversity	length	true_scaffolds	detected_scaffolds	coverage_median	coverage_std	coverage_SEM	breadth_minCov	breadth_expected	nucl_diversity_rarefied	conANI_reference	popANI_reference	iRep	iRep_GC_corrected	linked_SNV_count	SNV_distance_mean	r2_mean	d_prime_mean	consensus_divergent_sites	population_divergent_sites	SNS_count	SNV_count	filtered_read_pair_count	reads_unfiltered_pairs	reads_mean_PID	divergent_site_count	reads_unfiltered_reads
3300020557-bin.24	24.73069176592274	0.9971245333138558	0.015966589495717533	1191111	102	102	25	8.74478387347754	0.008082103660638596	0.9826204274832488	0.9999999996717353	0.009497866846947915	0.9948676104954672	0.9996454233986379	3.1535292899497414	False	71253.0	33.112963664687804	0.2691885391328587	0.9007689897610991	6007	415	370	48012	137688	39177	0.9701852393528748	48382	210215
