genome	coverage	breadth	nucl_diversity	length	true_scaffolds	detected_scaffolds	coverage_median	coverage_std	coverage_SEM	breadth_minCov	breadth_expected	nucl_diversity_rarefied	conANI_reference	popANI_reference	iRep	iRep_GC_corrected	linked_SNV_count	SNV_distance_mean	r2_mean	d_prime_mean	consensus_divergent_sites	population_divergent_sites	SNS_count	SNV_count	filtered_read_pair_count	reads_unfiltered_pairs	reads_mean_PID	divergent_site_count	reads_unfiltered_reads
3300020548-bin.6	29.08039819437386	0.9977770470240052	0.017909841225647948	836275	122	122	28	12.134737407538962	0.013467471526312677	0.9852536545992646	0.99999999999295	0.012989929644914338	0.9961016720816852	0.9997002219813748	3.7810966055265824	False	116036.0	42.03991002792237	0.23259603388207495	0.9266846307161566	3212	247	224	40748	122995	27607	0.9653287751793668	40972	211639
