genome	coverage	breadth	nucl_diversity	length	true_scaffolds	detected_scaffolds	coverage_median	coverage_std	coverage_SEM	breadth_minCov	breadth_expected	nucl_diversity_rarefied	conANI_reference	popANI_reference	iRep	iRep_GC_corrected	linked_SNV_count	SNV_distance_mean	r2_mean	d_prime_mean	consensus_divergent_sites	population_divergent_sites	SNS_count	SNV_count	filtered_read_pair_count	reads_unfiltered_pairs	reads_mean_PID	reads_unfiltered_reads	divergent_site_count
3300020549-bin.11	10.250977317452609	0.9893406086335405	0.0016639259736092955	2823801	162	162	9	6.27877540966411	0.0037580617480806335	0.8423444144966306	0.9998827981588309	0.00016023392441966378	0.9995749623835404	0.9997473317433312	2.2034397495465656	False	346.0	39.0	0.6171848113321989	0.9372635358133694	1011	601	601	2863	166467	8800	0.9953333931978252	178806	3464
