genome	coverage	breadth	nucl_diversity	length	true_scaffolds	detected_scaffolds	coverage_median	coverage_std	coverage_SEM	breadth_minCov	breadth_expected	nucl_diversity_rarefied	conANI_reference	popANI_reference	iRep	iRep_GC_corrected	linked_SNV_count	SNV_distance_mean	r2_mean	d_prime_mean	consensus_divergent_sites	population_divergent_sites	SNS_count	SNV_count	filtered_read_pair_count	reads_unfiltered_pairs	reads_mean_PID	divergent_site_count	reads_unfiltered_reads
3300020556-bin.9	30.599960381618715	0.9977971522439044	0.01641899765850436	1216607	100	100	29	14.566478610354268	0.013316159466831623	0.987259649171836	0.9999999999981573	0.01018585527628328	0.9956889769187924	0.9998634592921364	3.293348052720416	False	126377.0	39.83259612112963	0.3117865336238408	0.910016508641448	5178	164	152	51720	196373	27020	0.9741126804729626	51872	258415
