genome	coverage	breadth	nucl_diversity	length	true_scaffolds	detected_scaffolds	coverage_median	coverage_std	coverage_SEM	breadth_minCov	breadth_expected	nucl_diversity_rarefied	conANI_reference	popANI_reference	iRep	iRep_GC_corrected	linked_SNV_count	SNV_distance_mean	r2_mean	d_prime_mean	consensus_divergent_sites	population_divergent_sites	SNS_count	SNV_count	filtered_read_pair_count	reads_unfiltered_pairs	reads_mean_PID	reads_unfiltered_reads	divergent_site_count
3300020491-bin.6	15.672270478730596	0.9906542561339328	0.004605746190526696	4439240	127	127	14	14.91266474815176	0.007098180040463864	0.9118502266153666	0.9999990228394148	0.003061558790504397	0.9968408482179252	0.999523953277756	2.781782569959833	False	11220.0	42.902673796791454	0.4509162080926231	0.9253265930575222	12788	1927	1913	34738	318523	63859	0.9910223950707704	393295	36651
