genome	coverage	breadth	nucl_diversity	length	true_scaffolds	detected_scaffolds	coverage_median	coverage_std	coverage_SEM	breadth_minCov	breadth_expected	nucl_diversity_rarefied	conANI_reference	popANI_reference	iRep	iRep_GC_corrected	linked_SNV_count	SNV_distance_mean	r2_mean	d_prime_mean	consensus_divergent_sites	population_divergent_sites	SNS_count	SNV_count	filtered_read_pair_count	reads_unfiltered_pairs	reads_mean_PID	divergent_site_count	reads_unfiltered_reads
3300020548-bin.2	8.63153403529668	0.9897271919352334	0.0055063564454304135	4352364	491	491	8	5.006031771264974	0.002427093675321294	0.8019869202116368	0.9995102642280236	1.7860626349258268e-05	0.9989127753622004	0.9999341075977092	2.312625147585558	False	610.0	30.66393442622951	0.5136655532444917	0.969113801411906	3795	230	224	31208	212014	2204	0.9916977719948328	31432	220852
