genome	coverage	breadth	nucl_diversity	length	true_scaffolds	detected_scaffolds	coverage_median	coverage_std	coverage_SEM	breadth_minCov	breadth_expected	nucl_diversity_rarefied	conANI_reference	popANI_reference	iRep	iRep_GC_corrected	linked_SNV_count	SNV_distance_mean	r2_mean	d_prime_mean	consensus_divergent_sites	population_divergent_sites	SNS_count	SNV_count	filtered_read_pair_count	reads_unfiltered_pairs	reads_mean_PID	reads_unfiltered_reads	divergent_site_count
3300021141-bin.35	12.864432181776026	0.9974848133549732	0.01859093225133336	1078250	95	95	13	4.895137604169107	0.004756263131538836	0.9648022258288894	0.999988339384796	0.0004137182954986594	0.9988945475238826	0.9999442467446829	1.8995644703588632	False	3231.0	27.74342308882699	0.3130115066022528	0.8966073044129688	1150	58	57	17663	63968	16863	0.9707621921032424	102887	17720
