genome	coverage	breadth	nucl_diversity	length	true_scaffolds	detected_scaffolds	coverage_median	coverage_std	coverage_SEM	breadth_minCov	breadth_expected	nucl_diversity_rarefied	conANI_reference	popANI_reference	iRep	iRep_GC_corrected	linked_SNV_count	SNV_distance_mean	r2_mean	d_prime_mean	consensus_divergent_sites	population_divergent_sites	SNS_count	SNV_count	filtered_read_pair_count	reads_unfiltered_pairs	reads_mean_PID	reads_unfiltered_reads	divergent_site_count
3300020523-bin.3	8.609200793644206	0.9968152535759648	0.004648879441925758	4818280	186	186	8	3.7431564598255216	0.0017118867110417304	0.8706382775596271	0.999500510659672	2.397301971265438e-05	0.9995628106839152	0.9999766387388352	1.7443402200546052	False	84.0	14.738095238095234	0.8958140386825161	0.996875	1834	98	96	26390	219758	21209	0.9908844479605228	255884	26486
