genome	coverage	breadth	nucl_diversity	length	true_scaffolds	detected_scaffolds	coverage_median	coverage_std	coverage_SEM	breadth_minCov	breadth_expected	nucl_diversity_rarefied	conANI_reference	popANI_reference	iRep	iRep_GC_corrected	linked_SNV_count	SNV_distance_mean	r2_mean	d_prime_mean	consensus_divergent_sites	population_divergent_sites	SNS_count	SNV_count	filtered_read_pair_count	reads_unfiltered_pairs	reads_mean_PID	reads_unfiltered_reads	divergent_site_count
3300020548-bin.6	22.458808406325673	0.9967570476218948	0.02000899223164584	836275	122	122	20	12.714003525391885	0.014110357291891354	0.9734178350423008	0.9999999975596584	0.018167620525055463	0.994651401335307	0.9995626777389456	3.939900507310784	False	83015.0	41.68027464915979	0.2354200413773994	0.92669570481363	4354	356	323	39235	96104	27997	0.95483969946591	214616	39558
