genome	coverage	breadth	nucl_diversity	length	true_scaffolds	detected_scaffolds	coverage_median	coverage_std	coverage_SEM	breadth_minCov	breadth_expected	nucl_diversity_rarefied	conANI_reference	popANI_reference	iRep	iRep_GC_corrected	linked_SNV_count	SNV_distance_mean	r2_mean	d_prime_mean	consensus_divergent_sites	population_divergent_sites	SNS_count	SNV_count	filtered_read_pair_count	reads_unfiltered_pairs	reads_mean_PID	divergent_site_count	reads_unfiltered_reads
3300020568-bin.14	16.000606524903223	0.9931386870322684	0.011756681737713513	1134331	108	108	16	6.624034905083651	0.0062795383016049046	0.9566793114179196	0.9999992687683711	0.0	0.9965204282011184	0.9996590461955546	3.877856166065463	False	3657.0	21.913590374624007	0.3484349071796752	0.9704615224510506	3776	370	345	25280	92326	13747	0.9816383385868248	25625	110763
