genome	coverage	breadth	nucl_diversity	length	true_scaffolds	detected_scaffolds	coverage_median	coverage_std	coverage_SEM	breadth_minCov	breadth_expected	nucl_diversity_rarefied	conANI_reference	popANI_reference	iRep	iRep_GC_corrected	linked_SNV_count	SNV_distance_mean	r2_mean	d_prime_mean	consensus_divergent_sites	population_divergent_sites	SNS_count	SNV_count	filtered_read_pair_count	reads_unfiltered_pairs	reads_mean_PID	divergent_site_count	reads_unfiltered_reads
3300020555-bin.16	62.492813077359436	0.9996066095944128	0.003341208429469825	4405293	375	375	65	17.386214165339748	0.008354999604663288	0.9961410058309402	1.0	0.0026498178963364244	0.9994881836741529	0.9999822254348104	1.6329632712011373	False	112380.0	54.16804591564336	0.5620356146705303	0.9438354636572932	2246	78	73	38954	1278657	301261	0.9943000325168156	39027	1608287
