genome	coverage	breadth	nucl_diversity	length	true_scaffolds	detected_scaffolds	coverage_median	coverage_std	coverage_SEM	breadth_minCov	breadth_expected	nucl_diversity_rarefied	conANI_reference	popANI_reference	iRep	iRep_GC_corrected	linked_SNV_count	SNV_distance_mean	r2_mean	d_prime_mean	consensus_divergent_sites	population_divergent_sites	SNS_count	SNV_count	filtered_read_pair_count	reads_unfiltered_pairs	reads_mean_PID	divergent_site_count	reads_unfiltered_reads
3300020557-bin.24	21.88795418730916	0.9966426302838276	0.014734999252622394	1191111	102	102	22	7.683422898560885	0.007101172679982855	0.9785024233677634	0.9999999959601712	0.002745464114270723	0.9951900678246768	0.9996053212984928	2.9648376748982184	False	36753.0	27.645117405381875	0.2910086674144129	0.90932869306831	5606	460	415	42439	135269	15670	0.9754636961890925	42854	168681
