genome	coverage	breadth	nucl_diversity	length	true_scaffolds	detected_scaffolds	coverage_median	coverage_std	coverage_SEM	breadth_minCov	breadth_expected	nucl_diversity_rarefied	conANI_reference	popANI_reference	iRep	iRep_GC_corrected	linked_SNV_count	SNV_distance_mean	r2_mean	d_prime_mean	consensus_divergent_sites	population_divergent_sites	SNS_count	SNV_count	filtered_read_pair_count	reads_unfiltered_pairs	reads_mean_PID	divergent_site_count	reads_unfiltered_reads
3300020548-bin.6	25.853422618157907	0.9976514902394548	0.01808704866681068	836275	122	122	25	11.58710922678516	0.012859698429654957	0.9839143822307256	0.9999999998781915	0.01110609196885504	0.9960915044912454	0.9997046752460736	3.7615305505524175	False	82623.0	39.79020369630732	0.24778553860764	0.9317640725366222	3216	243	219	38024	109004	26914	0.9631165556480472	38243	198116
