genome	coverage	breadth	nucl_diversity	length	true_scaffolds	detected_scaffolds	coverage_median	coverage_std	coverage_SEM	breadth_minCov	breadth_expected	nucl_diversity_rarefied	conANI_reference	popANI_reference	iRep	iRep_GC_corrected	linked_SNV_count	SNV_distance_mean	r2_mean	d_prime_mean	consensus_divergent_sites	population_divergent_sites	SNS_count	SNV_count	filtered_read_pair_count	reads_unfiltered_pairs	reads_mean_PID	reads_unfiltered_reads	divergent_site_count
3300020548-bin.6	19.59496218349227	0.9981286060207468	0.014814457444935359	836275	122	122	20	7.066483233907713	0.007842581058630336	0.9805769633194822	0.9999999694026248	0.0010280378998375425	0.9975574123936628	0.9999182958713806	3.1684185368882454	False	17240.0	27.30510440835267	0.30449362750982323	0.9407324691041272	2003	67	64	27984	82287	13038	0.9754190020773752	115421	28048
