genome	coverage	breadth	nucl_diversity	length	true_scaffolds	detected_scaffolds	coverage_median	coverage_std	coverage_SEM	breadth_minCov	breadth_expected	nucl_diversity_rarefied	conANI_reference	popANI_reference	iRep	iRep_GC_corrected	linked_SNV_count	SNV_distance_mean	r2_mean	d_prime_mean	consensus_divergent_sites	population_divergent_sites	SNS_count	SNV_count	filtered_read_pair_count	reads_unfiltered_pairs	reads_mean_PID	reads_unfiltered_reads	divergent_site_count
3300020548-bin.6	26.15604675495501	0.9973872231024484	0.018018891618562342	836275	122	122	26	10.897611507019274	0.012094474544164398	0.9836261995157096	0.9999999999067548	0.009990142502659886	0.9959602811634584	0.9996863534577708	3.7679384731515344	False	85033.0	39.06617430879776	0.2385669873821333	0.9306376586259066	3323	258	229	38422	109308	24974	0.9653111179815954	188372	38651
