genome	coverage	breadth	nucl_diversity	length	true_scaffolds	detected_scaffolds	coverage_median	coverage_std	coverage_SEM	breadth_minCov	breadth_expected	nucl_diversity_rarefied	conANI_reference	popANI_reference	iRep	iRep_GC_corrected	linked_SNV_count	SNV_distance_mean	r2_mean	d_prime_mean	consensus_divergent_sites	population_divergent_sites	SNS_count	SNV_count	filtered_read_pair_count	reads_unfiltered_pairs	reads_mean_PID	reads_unfiltered_reads	divergent_site_count
3300020568-bin.14	74.20238448918349	0.9987569765791466	0.018203896848171718	1134331	108	108	77	21.77588674825353	0.020643386824867868	0.993093726610663	1.0	0.017044419184487666	0.9972374538059132	0.9998837102983852	3.6799942553269287	False	264816.0	68.43543441483897	0.2012053546855856	0.8991832652998191	3112	131	119	41855	395242	54456	0.976961388905866	496275	41974
