genome	coverage	breadth	nucl_diversity	length	true_scaffolds	detected_scaffolds	coverage_median	coverage_std	coverage_SEM	breadth_minCov	breadth_expected	nucl_diversity_rarefied	conANI_reference	popANI_reference	iRep	iRep_GC_corrected	linked_SNV_count	SNV_distance_mean	r2_mean	d_prime_mean	consensus_divergent_sites	population_divergent_sites	SNS_count	SNV_count	filtered_read_pair_count	reads_unfiltered_pairs	reads_mean_PID	reads_unfiltered_reads	divergent_site_count
3300020568-bin.14	12.081077745384723	0.9900804967862116	0.011171024664275305	1134331	108	108	12	5.6466710617338824	0.005353004281651528	0.9146774618695954	0.9999767124493996	0.0	0.9964329326767848	0.9994554463556832	4.070760280640791	False	928.0	18.685344827586206	0.36175024221573787	0.9695733987157972	3701	565	538	19988	69974	11202	0.9814640447632876	84664	20526
