genome	coverage	breadth	nucl_diversity	length	true_scaffolds	detected_scaffolds	coverage_median	coverage_std	coverage_SEM	breadth_minCov	breadth_expected	nucl_diversity_rarefied	conANI_reference	popANI_reference	iRep	iRep_GC_corrected	linked_SNV_count	SNV_distance_mean	r2_mean	d_prime_mean	consensus_divergent_sites	population_divergent_sites	SNS_count	SNV_count	filtered_read_pair_count	reads_unfiltered_pairs	reads_mean_PID	divergent_site_count	reads_unfiltered_reads
3300021140-bin.22	13.076648442384359	0.9934478350921884	0.028677640857086358	2658358	158	158	13	5.9671374168522595	0.0036817652144391757	0.9409710806445182	0.9999903319176234	0.0008623214872787684	0.9978476380386002	0.9997061690115844	2.3671244840945733	False	28839.0	27.581122785117373	0.21984075280524745	0.9077452644051024	5384	735	708	72221	169778	71339	0.9567126127102962	72929	374975
