genome	coverage	breadth	nucl_diversity	length	true_scaffolds	detected_scaffolds	coverage_median	coverage_std	coverage_SEM	breadth_minCov	breadth_expected	nucl_diversity_rarefied	conANI_reference	popANI_reference	iRep	iRep_GC_corrected	linked_SNV_count	SNV_distance_mean	r2_mean	d_prime_mean	consensus_divergent_sites	population_divergent_sites	SNS_count	SNV_count	filtered_read_pair_count	reads_unfiltered_pairs	reads_mean_PID	reads_unfiltered_reads	divergent_site_count
3300020556-bin.9	20.75162644962589	0.9957208860379728	0.01687604228139807	1216607	100	100	20	10.277430047865344	0.009395262993027072	0.9547240809891772	0.999999988981456	0.0031106615540540212	0.9930995829616952	0.9995970810762412	4.1082683540640765	False	45753.0	31.742093414639484	0.3442507392271663	0.9198425463940731	8015	468	432	45584	123063	22362	0.9729651047999808	169889	46016
