genome	coverage	breadth	nucl_diversity	length	true_scaffolds	detected_scaffolds	coverage_median	coverage_std	coverage_SEM	breadth_minCov	breadth_expected	nucl_diversity_rarefied	conANI_reference	popANI_reference	iRep	iRep_GC_corrected	linked_SNV_count	SNV_distance_mean	r2_mean	d_prime_mean	consensus_divergent_sites	population_divergent_sites	SNS_count	SNV_count	filtered_read_pair_count	reads_unfiltered_pairs	reads_mean_PID	divergent_site_count	reads_unfiltered_reads
3300020548-bin.6	30.85195420166811	0.998148934262055	0.01724783382163372	836275	122	122	31	11.42949939379074	0.012684778621600395	0.988482257630564	0.9999999999985248	0.0113016600085224	0.9965946605729438	0.9997798324064924	3.379019178456115	False	112095.0	40.97031981801151	0.24813246950919615	0.9258252889707471	2815	182	161	39388	129628	28910	0.9658284476768564	39549	221497
