genome	coverage	breadth	nucl_diversity	length	true_scaffolds	detected_scaffolds	coverage_median	coverage_std	coverage_SEM	breadth_minCov	breadth_expected	nucl_diversity_rarefied	conANI_reference	popANI_reference	iRep	iRep_GC_corrected	linked_SNV_count	SNV_distance_mean	r2_mean	d_prime_mean	consensus_divergent_sites	population_divergent_sites	SNS_count	SNV_count	filtered_read_pair_count	reads_unfiltered_pairs	reads_mean_PID	divergent_site_count	reads_unfiltered_reads
3300020548-bin.6	22.449330662760453	0.9971528504379541	0.0204452160968892	836275	122	122	21	10.390283377925822	0.011531427573834513	0.9803521568861916	0.99999999753915	0.01207958628154225	0.9946050712086688	0.9995877264455189	3.741851840717725	False	95619.0	41.233290454825934	0.22393947311581264	0.9221021003705571	4423	338	312	42119	87890	28654	0.9569498579044204	42431	192278
