genome	coverage	breadth	nucl_diversity	length	true_scaffolds	detected_scaffolds	coverage_median	coverage_std	coverage_SEM	breadth_minCov	breadth_expected	nucl_diversity_rarefied	conANI_reference	popANI_reference	iRep	iRep_GC_corrected	linked_SNV_count	SNV_distance_mean	r2_mean	d_prime_mean	consensus_divergent_sites	population_divergent_sites	SNS_count	SNV_count	filtered_read_pair_count	reads_unfiltered_pairs	reads_mean_PID	reads_unfiltered_reads	divergent_site_count
3300020548-bin.6	32.828399748886426	0.9982481839107948	0.01685190661698544	836275	122	122	33	12.158696760221165	0.013494062287134248	0.9895931362291112	0.9999999999997424	0.012410635152632724	0.9966021083361932	0.9997969965151068	3.4319353196459605	False	122368.0	42.28582635983263	0.2432864311643001	0.9253954230994186	2812	168	150	39205	138420	27148	0.9676317701382848	225613	39355
