genome	coverage	breadth	nucl_diversity	length	true_scaffolds	detected_scaffolds	coverage_median	coverage_std	coverage_SEM	breadth_minCov	breadth_expected	nucl_diversity_rarefied	conANI_reference	popANI_reference	iRep	iRep_GC_corrected	linked_SNV_count	SNV_distance_mean	r2_mean	d_prime_mean	consensus_divergent_sites	population_divergent_sites	SNS_count	SNV_count	filtered_read_pair_count	reads_unfiltered_pairs	reads_mean_PID	reads_unfiltered_reads	divergent_site_count
3300020549-bin.11	13.81317946979975	0.9891525642210623	0.0012792765579344373	2823801	162	162	12	9.542011599557993	0.005711220174693099	0.893738616850125	0.9999949546194296	0.0004826064750705648	0.999539175984848	0.9996061400936704	2.5308290201101995	False	190.0	45.689473684210526	0.7016632904992198	0.9630116514957135	1163	994	994	908	224379	10026	0.9962670623585144	236995	1902
