genome	coverage	breadth	nucl_diversity	length	true_scaffolds	detected_scaffolds	coverage_median	coverage_std	coverage_SEM	breadth_minCov	breadth_expected	nucl_diversity_rarefied	conANI_reference	popANI_reference	iRep	iRep_GC_corrected	linked_SNV_count	SNV_distance_mean	r2_mean	d_prime_mean	consensus_divergent_sites	population_divergent_sites	SNS_count	SNV_count	filtered_read_pair_count	reads_unfiltered_pairs	reads_mean_PID	reads_unfiltered_reads	divergent_site_count
3300020548-bin.6	23.011358703775674	0.9972975396849124	0.01862429170205732	836275	122	122	22	11.358102161558616	0.012605539973094798	0.9805925084451884	0.9999999985018424	0.011194658455063945	0.9952844051241092	0.999631727527148	3.7020176496398	False	75383.0	41.565896820237995	0.25555202714665504	0.9291147065378864	3867	302	265	37631	97178	17375	0.9574551339773116	194856	37896
