genome	coverage	breadth	nucl_diversity	length	true_scaffolds	detected_scaffolds	coverage_median	coverage_std	coverage_SEM	breadth_minCov	breadth_expected	nucl_diversity_rarefied	conANI_reference	popANI_reference	iRep	iRep_GC_corrected	linked_SNV_count	SNV_distance_mean	r2_mean	d_prime_mean	consensus_divergent_sites	population_divergent_sites	SNS_count	SNV_count	filtered_read_pair_count	reads_unfiltered_pairs	reads_mean_PID	reads_unfiltered_reads	divergent_site_count
3300020548-bin.6	13.701308780006578	0.994190906101462	0.017009980660827356	836275	122	122	13	6.546056487802585	0.007264996876186637	0.939895369346208	0.9999944307805736	0.007730512630447927	0.9956336488929544	0.9993536986123605	3.939625593276289	False	9406.0	28.633425473102275	0.2772603482208153	0.9364666587100482	3432	508	477	26027	58313	10495	0.9631374424316276	102519	26504
