genome	coverage	breadth	nucl_diversity	length	true_scaffolds	detected_scaffolds	coverage_median	coverage_std	coverage_SEM	breadth_minCov	breadth_expected	nucl_diversity_rarefied	conANI_reference	popANI_reference	iRep	iRep_GC_corrected	linked_SNV_count	SNV_distance_mean	r2_mean	d_prime_mean	consensus_divergent_sites	population_divergent_sites	SNS_count	SNV_count	filtered_read_pair_count	reads_unfiltered_pairs	reads_mean_PID	divergent_site_count	reads_unfiltered_reads
3300020491-bin.6	11.674488651210568	0.9912581883385444	0.00252003877747134	4439240	127	127	11	6.9148397668527455	0.003291348558088061	0.8998961533956262	0.9999666540248824	0.000794097382045384	0.9978287071746034	0.9995977325835356	2.1530797103377632	False	2682.0	37.651006711409394	0.4942265154975341	0.9353643876749856	8674	1607	1602	16389	234262	56869	0.9934344964250392	17991	297047
