genome	coverage	breadth	nucl_diversity	length	true_scaffolds	detected_scaffolds	coverage_median	coverage_std	coverage_SEM	breadth_minCov	breadth_expected	nucl_diversity_rarefied	conANI_reference	popANI_reference	iRep	iRep_GC_corrected	linked_SNV_count	SNV_distance_mean	r2_mean	d_prime_mean	consensus_divergent_sites	population_divergent_sites	SNS_count	SNV_count	filtered_read_pair_count	reads_unfiltered_pairs	reads_mean_PID	divergent_site_count	reads_unfiltered_reads
3300020556-bin.9	21.623556333310596	0.9970072504925585	0.015501721472866147	1216607	100	100	21	8.957689652424248	0.008188803008386652	0.9798587382778498	0.9999999948978318	0.0022173881793124558	0.9960750035860996	0.9998322292620688	2.649786210108916	False	40019.0	28.32454584072565	0.3720623586808796	0.9270447636549854	4679	200	182	44235	137886	14446	0.9758719335052356	44417	175399
