genome	coverage	breadth	nucl_diversity	length	true_scaffolds	detected_scaffolds	coverage_median	coverage_std	coverage_SEM	breadth_minCov	breadth_expected	nucl_diversity_rarefied	conANI_reference	popANI_reference	iRep	iRep_GC_corrected	linked_SNV_count	SNV_distance_mean	r2_mean	d_prime_mean	consensus_divergent_sites	population_divergent_sites	SNS_count	SNV_count	filtered_read_pair_count	reads_unfiltered_pairs	reads_mean_PID	divergent_site_count	reads_unfiltered_reads
3300021141-bin.52	9.20197035298212	0.9918114815017997	0.006792462382647314	5723746	520	520	9	5.497690338740875	0.0023191133154859163	0.8542043969106945	0.99970405585527	1.863525795042757e-05	0.99871473103538	0.9998772817665862	1.854010329322093	False	1608.0	21.623756218905477	0.4892889143799045	0.9645144788653526	6284	600	587	52880	296005	9516	0.9914025193535404	53467	313423
