genome	coverage	breadth	nucl_diversity	length	true_scaffolds	detected_scaffolds	coverage_median	coverage_std	coverage_SEM	breadth_minCov	breadth_expected	nucl_diversity_rarefied	conANI_reference	popANI_reference	iRep	iRep_GC_corrected	linked_SNV_count	SNV_distance_mean	r2_mean	d_prime_mean	consensus_divergent_sites	population_divergent_sites	SNS_count	SNV_count	filtered_read_pair_count	reads_unfiltered_pairs	reads_mean_PID	divergent_site_count	reads_unfiltered_reads
3300020548-bin.6	27.85473438761173	0.997980329437087	0.016180792556596008	836275	122	122	28	9.459039370482618	0.010497906885822016	0.9865223760126752	0.9999999999791931	0.0075872247540697876	0.9963212299576728	0.9997721223169828	3.5767940127823787	False	80622.0	36.419178388033046	0.2410669604121001	0.9278386130017068	3035	188	174	36104	115683	20107	0.9731250473793954	36278	168685
