genome	coverage	breadth	nucl_diversity	length	true_scaffolds	detected_scaffolds	coverage_median	coverage_std	coverage_SEM	breadth_minCov	breadth_expected	nucl_diversity_rarefied	conANI_reference	popANI_reference	iRep	iRep_GC_corrected	linked_SNV_count	SNV_distance_mean	r2_mean	d_prime_mean	consensus_divergent_sites	population_divergent_sites	SNS_count	SNV_count	filtered_read_pair_count	reads_unfiltered_pairs	reads_mean_PID	divergent_site_count	reads_unfiltered_reads
3300020548-bin.6	14.7967737885265	0.9952970015844069	0.01994495290357637	836275	122	122	14	7.677431217519077	0.008520628246386738	0.9507661953304832	0.9999978830861378	0.004409824946295176	0.993885061287734	0.9992969455491244	3.825556923357421	False	22788.0	34.442074776198	0.21762322643956855	0.9252498753041728	4862	559	511	32388	61817	17100	0.9549274493241658	32899	136211
