genome	coverage	breadth	nucl_diversity	length	true_scaffolds	detected_scaffolds	coverage_median	coverage_std	coverage_SEM	breadth_minCov	breadth_expected	nucl_diversity_rarefied	conANI_reference	popANI_reference	iRep	iRep_GC_corrected	linked_SNV_count	SNV_distance_mean	r2_mean	d_prime_mean	consensus_divergent_sites	population_divergent_sites	SNS_count	SNV_count	filtered_read_pair_count	reads_unfiltered_pairs	reads_mean_PID	divergent_site_count	reads_unfiltered_reads
3300020548-bin.6	38.84654808525904	0.9983809153687484	0.017629914574763327	836275	122	122	39	13.847629260108748	0.015368486890502173	0.9907446713102748	0.9999999999999988	0.01433883853692169	0.9965879534358838	0.9998310270537756	3.5520038939739798	False	198075.0	48.38853464596743	0.22023756322907206	0.9138861159347804	2827	140	121	43892	163853	28915	0.9671492267292592	44013	266167
