genome	coverage	breadth	nucl_diversity	length	true_scaffolds	detected_scaffolds	coverage_median	coverage_std	coverage_SEM	breadth_minCov	breadth_expected	nucl_diversity_rarefied	conANI_reference	popANI_reference	iRep	iRep_GC_corrected	linked_SNV_count	SNV_distance_mean	r2_mean	d_prime_mean	consensus_divergent_sites	population_divergent_sites	SNS_count	SNV_count	filtered_read_pair_count	reads_unfiltered_pairs	reads_mean_PID	divergent_site_count	reads_unfiltered_reads
3300020548-bin.6	24.98035813578069	0.9975988759678336	0.019114064501776367	836275	122	122	24	10.66194843902443	0.011832929069265844	0.9839048159995216	0.9999999997366812	0.01218899357596755	0.9955457788202694	0.9996621354739522	3.6262871953125173	False	99793.0	40.596043810688116	0.2352917631669269	0.9262334544220192	3665	278	255	41031	102974	23455	0.9610067734430474	41286	194414
