genome	coverage	breadth	nucl_diversity	length	true_scaffolds	detected_scaffolds	coverage_median	coverage_std	coverage_SEM	breadth_minCov	breadth_expected	nucl_diversity_rarefied	conANI_reference	popANI_reference	iRep	iRep_GC_corrected	linked_SNV_count	SNV_distance_mean	r2_mean	d_prime_mean	consensus_divergent_sites	population_divergent_sites	SNS_count	SNV_count	filtered_read_pair_count	reads_unfiltered_pairs	reads_mean_PID	reads_unfiltered_reads	divergent_site_count
3300020549-bin.11	10.669060603066576	0.952730734212503	0.006237094905719721	2823801	162	162	9	8.421593834399385	0.005040611836221282	0.7512395526455299	0.9999189772446508	0.0023048039209858217	0.9972064971803346	0.9992000380889348	3.282547399949141	False	4814.0	34.012463647694226	0.6219924830762549	0.9784169052438504	5926	1697	1670	23600	172863	1370	0.9862558198596256	188634	25270
