genome	coverage	breadth	nucl_diversity	length	true_scaffolds	detected_scaffolds	coverage_median	coverage_std	coverage_SEM	breadth_minCov	breadth_expected	nucl_diversity_rarefied	conANI_reference	popANI_reference	iRep	iRep_GC_corrected	linked_SNV_count	SNV_distance_mean	r2_mean	d_prime_mean	consensus_divergent_sites	population_divergent_sites	SNS_count	SNV_count	filtered_read_pair_count	reads_unfiltered_pairs	reads_mean_PID	divergent_site_count	reads_unfiltered_reads
3300020548-bin.6	21.74908253863861	0.9972198140563808	0.016593788560533063	836275	122	122	22	8.324752680673381	0.009239043740733205	0.9811533287495142	0.9999999954331396	0.003535727241534812	0.9963254740321312	0.9996538754975541	3.562956771782729	False	38615.0	31.525780137252358	0.280153464704928	0.9343603276640832	3015	284	259	33284	90607	22771	0.9670408790579159	33543	154714
