genome	coverage	breadth	nucl_diversity	length	true_scaffolds	detected_scaffolds	coverage_median	coverage_std	coverage_SEM	breadth_minCov	breadth_expected	nucl_diversity_rarefied	conANI_reference	popANI_reference	iRep	iRep_GC_corrected	linked_SNV_count	SNV_distance_mean	r2_mean	d_prime_mean	consensus_divergent_sites	population_divergent_sites	SNS_count	SNV_count	filtered_read_pair_count	reads_unfiltered_pairs	reads_mean_PID	divergent_site_count	reads_unfiltered_reads
3300020548-bin.6	11.50582045379809	0.9915685629727063	0.01833328905496457	836275	122	122	11	5.907826717473723	0.006556671597239193	0.9034288959971302	0.9999612987810382	0.001012267201533167	0.9946963329649312	0.9992164285288844	4.217399512767009	False	6214.0	28.77663340843257	0.2428583795050032	0.9258832141224091	4007	592	550	24676	44146	16413	0.9589693195514241	25226	93310
