genome	coverage	breadth	nucl_diversity	length	true_scaffolds	detected_scaffolds	coverage_median	coverage_std	coverage_SEM	breadth_minCov	breadth_expected	nucl_diversity_rarefied	conANI_reference	popANI_reference	iRep	iRep_GC_corrected	linked_SNV_count	SNV_distance_mean	r2_mean	d_prime_mean	consensus_divergent_sites	population_divergent_sites	SNS_count	SNV_count	filtered_read_pair_count	reads_unfiltered_pairs	reads_mean_PID	divergent_site_count	reads_unfiltered_reads
3300020548-bin.6	25.44168365669188	0.9973298257152252	0.019537715307749462	836275	122	122	24	13.343089801949247	0.014808534865298656	0.9814905383994499	0.9999999998247848	0.015931064395215657	0.995232676572498	0.9996418111199372	3.762906393199562	False	110047.0	44.266358919370816	0.2383845853110596	0.9251257963419656	3913	294	266	41040	108625	22589	0.9554543338959688	41306	231002
