genome	coverage	breadth	nucl_diversity	length	true_scaffolds	detected_scaffolds	coverage_median	coverage_std	coverage_SEM	breadth_minCov	breadth_expected	nucl_diversity_rarefied	conANI_reference	popANI_reference	iRep	iRep_GC_corrected	linked_SNV_count	SNV_distance_mean	r2_mean	d_prime_mean	consensus_divergent_sites	population_divergent_sites	SNS_count	SNV_count	filtered_read_pair_count	reads_unfiltered_pairs	reads_mean_PID	reads_unfiltered_reads	divergent_site_count
3300020508-bin.4	19.134382132937024	0.9957920571841864	0.02589031917058424	5675695	510	510	19	8.886702717673803	0.0037641688048703228	0.9709973844612864	0.9999999540475846	0.005684327334931057	0.999317194345578	0.999968971627184	1.9820177572144304	False	182674.0	35.23345960563627	0.1735697647825229	0.8739895032481074	3763	171	164	156448	538726	196169	0.9671589225232337	957098	156612
