genome	coverage	breadth	nucl_diversity	length	true_scaffolds	detected_scaffolds	coverage_median	coverage_std	coverage_SEM	breadth_minCov	breadth_expected	nucl_diversity_rarefied	conANI_reference	popANI_reference	iRep	iRep_GC_corrected	linked_SNV_count	SNV_distance_mean	r2_mean	d_prime_mean	consensus_divergent_sites	population_divergent_sites	SNS_count	SNV_count	filtered_read_pair_count	reads_unfiltered_pairs	reads_mean_PID	divergent_site_count	reads_unfiltered_reads
3300020568-bin.14	22.147266538602928	0.9956635232573208	0.012776631821402505	1134331	108	108	23	7.981154807760669	0.007566078383419743	0.972937352501166	0.9999999967869216	0.001365672776340666	0.9963683579595752	0.99975263516042	3.997695207121315	False	23850.0	29.878825995807127	0.3038766949263663	0.9619259448764677	4008	273	251	33514	113756	34301	0.9801448624217192	33765	155272
