genome	coverage	breadth	nucl_diversity	length	true_scaffolds	detected_scaffolds	coverage_median	coverage_std	coverage_SEM	breadth_minCov	breadth_expected	nucl_diversity_rarefied	conANI_reference	popANI_reference	iRep	iRep_GC_corrected	linked_SNV_count	SNV_distance_mean	r2_mean	d_prime_mean	consensus_divergent_sites	population_divergent_sites	SNS_count	SNV_count	filtered_read_pair_count	reads_unfiltered_pairs	reads_mean_PID	reads_unfiltered_reads	divergent_site_count
3300020491-bin.6	16.167945188816105	0.9262567466503276	0.002816630469039735	4439240	127	127	15	15.906103546816286	0.007571040362290445	0.8636142673070165	0.9999993692117451	0.0023552741545543963	0.9952689126767734	0.9968788074258612		False	6578.0	42.424293098206135	0.5521908512876273	0.9462416166786408	18138	11966	11886	18681	364642	39203	0.9886500385678652	420014	30567
