genome	coverage	breadth	nucl_diversity	length	true_scaffolds	detected_scaffolds	coverage_median	coverage_std	coverage_SEM	breadth_minCov	breadth_expected	nucl_diversity_rarefied	conANI_reference	popANI_reference	iRep	iRep_GC_corrected	linked_SNV_count	SNV_distance_mean	r2_mean	d_prime_mean	consensus_divergent_sites	population_divergent_sites	SNS_count	SNV_count	filtered_read_pair_count	reads_unfiltered_pairs	reads_mean_PID	reads_unfiltered_reads	divergent_site_count
3300020562-bin.20	10.585366397150397	0.9647075912144903	0.033311422949895364	2423354	234	234	8	9.321967569168065	0.006046914607488887	0.7457816728385535	0.9999127626967258	0.007907569332306321	0.9987495110090064	0.9997670549268991		False	50436.0	35.302284082797996	0.091461012960624	0.8259943909884268	2260	421	410	42980	141348	95227	0.9451312973560212	447797	43390
