genome	coverage	breadth	nucl_diversity	length	true_scaffolds	detected_scaffolds	coverage_median	coverage_std	coverage_SEM	breadth_minCov	breadth_expected	nucl_diversity_rarefied	conANI_reference	popANI_reference	iRep	iRep_GC_corrected	linked_SNV_count	SNV_distance_mean	r2_mean	d_prime_mean	consensus_divergent_sites	population_divergent_sites	SNS_count	SNV_count	filtered_read_pair_count	reads_unfiltered_pairs	reads_mean_PID	reads_unfiltered_reads	divergent_site_count
3300020568-bin.14	26.41147513380133	0.9968783362175592	0.011281192292103628	1134331	108	108	27	9.134703559657273	0.008659634452205552	0.9814992272978522	0.9999999999255826	0.0029275828286892827	0.9972317655353912	0.9998598817078264	3.3723683473196147	False	31475.0	30.779094519459893	0.313620170953232	0.9554785533333718	3082	156	143	31580	154346	19961	0.9832931828244234	181004	31723
