genome	coverage	breadth	nucl_diversity	length	true_scaffolds	detected_scaffolds	coverage_median	coverage_std	coverage_SEM	breadth_minCov	breadth_expected	nucl_diversity_rarefied	conANI_reference	popANI_reference	iRep	iRep_GC_corrected	linked_SNV_count	SNV_distance_mean	r2_mean	d_prime_mean	consensus_divergent_sites	population_divergent_sites	SNS_count	SNV_count	filtered_read_pair_count	reads_unfiltered_pairs	reads_mean_PID	reads_unfiltered_reads	divergent_site_count
3300020548-bin.6	28.26925353502137	0.9980437057188126	0.018891062335503084	836275	122	122	27	12.076191402468979	0.013402495529735322	0.985828824250396	0.9999999999855704	0.013188595405933678	0.9958649918003356	0.9997173784363386	3.98386715613913	False	135363.0	46.43116656693483	0.2249147349277259	0.9220808387233468	3409	233	217	42185	109220	35196	0.9626089013621186	210270	42402
