genome	coverage	breadth	nucl_diversity	length	true_scaffolds	detected_scaffolds	coverage_median	coverage_std	coverage_SEM	breadth_minCov	breadth_expected	nucl_diversity_rarefied	conANI_reference	popANI_reference	iRep	iRep_GC_corrected	linked_SNV_count	SNV_distance_mean	r2_mean	d_prime_mean	consensus_divergent_sites	population_divergent_sites	SNS_count	SNV_count	filtered_read_pair_count	reads_unfiltered_pairs	reads_mean_PID	divergent_site_count	reads_unfiltered_reads
3300020548-bin.6	23.348212011599053	0.9975235418971032	0.017375265004690842	836275	122	122	23	9.250512617041844	0.010266478053032166	0.9824029177005172	0.9999999988872944	0.005684711701022618	0.9962790256086296	0.999748040006865	3.6291879035270367	False	61412.0	36.00890705399596	0.25570174689819275	0.9311657239143049	3057	207	188	36256	97314	17242	0.9664855090136356	36444	160499
