genome	coverage	breadth	nucl_diversity	length	true_scaffolds	detected_scaffolds	coverage_median	coverage_std	coverage_SEM	breadth_minCov	breadth_expected	nucl_diversity_rarefied	conANI_reference	popANI_reference	iRep	iRep_GC_corrected	linked_SNV_count	SNV_distance_mean	r2_mean	d_prime_mean	consensus_divergent_sites	population_divergent_sites	SNS_count	SNV_count	filtered_read_pair_count	reads_unfiltered_pairs	reads_mean_PID	reads_unfiltered_reads	divergent_site_count
3300020517-bin.16	19.14414041880018	0.9984335805849348	0.0027598012771617195	4826932	546	546	18	10.388029724314496	0.004782627938537168	0.984100045329	0.9999999544418356	0.001465276039527782	0.9999572648133208	0.9999968422275852	1.9103148678953223	False	3881.0	41.26539551661943	0.6612914154428059	0.9576303044800796	203	15	14	8191	473001	40862	0.9939986678100518	540611	8205
