genome	coverage	breadth	nucl_diversity	length	true_scaffolds	detected_scaffolds	coverage_median	coverage_std	coverage_SEM	breadth_minCov	breadth_expected	nucl_diversity_rarefied	conANI_reference	popANI_reference	iRep	iRep_GC_corrected	linked_SNV_count	SNV_distance_mean	r2_mean	d_prime_mean	consensus_divergent_sites	population_divergent_sites	SNS_count	SNV_count	filtered_read_pair_count	reads_unfiltered_pairs	reads_mean_PID	divergent_site_count	reads_unfiltered_reads
3300020548-bin.6	16.258232040895642	0.9951403545484442	0.019016048331122318	836275	122	122	15	9.893650099972904	0.01098025004891379	0.9464865026456608	0.9999994175479032	0.013334015241181609	0.9942629588780112	0.9993784135142	4.030050331509509	False	33517.0	39.5059820389653	0.25193816428781185	0.9306928170372638	4541	492	453	31456	69171	16225	0.9533710264891996	31909	157323
