genome	coverage	breadth	nucl_diversity	length	true_scaffolds	detected_scaffolds	coverage_median	coverage_std	coverage_SEM	breadth_minCov	breadth_expected	nucl_diversity_rarefied	conANI_reference	popANI_reference	iRep	iRep_GC_corrected	linked_SNV_count	SNV_distance_mean	r2_mean	d_prime_mean	consensus_divergent_sites	population_divergent_sites	SNS_count	SNV_count	filtered_read_pair_count	reads_unfiltered_pairs	reads_mean_PID	divergent_site_count	reads_unfiltered_reads
3300020568-bin.14	24.157420541270586	0.9954166817269386	0.01276460277541825	1134331	108	108	25	8.274856855895704	0.007844505850507565	0.975504504417141	0.9999999994554178	0.0011982981879977905	0.9963905670352312	0.9997650344089034	4.007870879096513	False	29927.0	30.38877936311692	0.2899987790687207	0.9556111799934588	3994	260	234	34451	127354	30222	0.9808400383507048	34685	164851
