genome	coverage	breadth	nucl_diversity	length	true_scaffolds	detected_scaffolds	coverage_median	coverage_std	coverage_SEM	breadth_minCov	breadth_expected	nucl_diversity_rarefied	conANI_reference	popANI_reference	iRep	iRep_GC_corrected	linked_SNV_count	SNV_distance_mean	r2_mean	d_prime_mean	consensus_divergent_sites	population_divergent_sites	SNS_count	SNV_count	filtered_read_pair_count	reads_unfiltered_pairs	reads_mean_PID	divergent_site_count	reads_unfiltered_reads
3300020557-bin.24	36.05908601297444	0.9983334886505121	0.016204475918211968	1191111	102	102	36	11.582945876321054	0.010705189587580441	0.9890774243542374	0.9999999999999852	0.011553766305016202	0.9949766615935306	0.9997012140724776	3.1367445413654043	False	196835.0	44.22695658800518	0.2218231280636934	0.8803824033261239	5918	352	306	54856	198668	58737	0.9715695829586948	55162	297650
