genome	coverage	breadth	nucl_diversity	length	true_scaffolds	detected_scaffolds	coverage_median	coverage_std	coverage_SEM	breadth_minCov	breadth_expected	nucl_diversity_rarefied	conANI_reference	popANI_reference	iRep	iRep_GC_corrected	linked_SNV_count	SNV_distance_mean	r2_mean	d_prime_mean	consensus_divergent_sites	population_divergent_sites	SNS_count	SNV_count	filtered_read_pair_count	reads_unfiltered_pairs	reads_mean_PID	divergent_site_count	reads_unfiltered_reads
3300020540-bin.12	10.091670977171106	0.9733445927180826	0.012456102215191936	2304448	351	351	10	5.477464636619565	0.003664493794881583	0.8399911822701142	0.9998650957746084	0.0	0.9963538039671108	0.9992416242878605	3.142688815922446	False	1634.0	18.71481028151775	0.5063263655028861	0.960641379378788	7058	1468	1414	40736	116927	27615	0.9728952612030638	42150	175268
