genome	coverage	breadth	nucl_diversity	length	true_scaffolds	detected_scaffolds	coverage_median	coverage_std	coverage_SEM	breadth_minCov	breadth_expected	nucl_diversity_rarefied	conANI_reference	popANI_reference	iRep	iRep_GC_corrected	linked_SNV_count	SNV_distance_mean	r2_mean	d_prime_mean	consensus_divergent_sites	population_divergent_sites	SNS_count	SNV_count	filtered_read_pair_count	reads_unfiltered_pairs	reads_mean_PID	reads_unfiltered_reads	divergent_site_count
3300020542-bin.8	70.75347216350116	0.9997832801242194	0.0021628559696239115	4789593	274	274	70	45.94798576406887	0.02111621257067488	0.9980194559328944	1.0	0.0020601496122551397	0.9999573231310512	0.9999949791918884	1.2716408244257251	False	78216.0	59.736217653676995	0.949141250202558	0.9961883505942072	204	24	17	35214	1710118	206006	0.9962600854254172	1949312	35231
