genome	coverage	breadth	nucl_diversity	length	true_scaffolds	detected_scaffolds	coverage_median	coverage_std	coverage_SEM	breadth_minCov	breadth_expected	nucl_diversity_rarefied	conANI_reference	popANI_reference	iRep	iRep_GC_corrected	linked_SNV_count	SNV_distance_mean	r2_mean	d_prime_mean	consensus_divergent_sites	population_divergent_sites	SNS_count	SNV_count	filtered_read_pair_count	reads_unfiltered_pairs	reads_mean_PID	divergent_site_count	reads_unfiltered_reads
3300020548-bin.6	49.21951630743475	0.9988317240142298	0.0190689352414953	836275	122	122	48	19.356512636601387	0.021482399991629462	0.9928922902155392	1.0	0.017160040173522104	0.9960967373252354	0.9998109187781741	3.851036018427827	False	329153.0	61.71378355962121	0.19874112605546626	0.9012626855690272	3241	157	140	48608	191933	55273	0.9641702135472936	48748	351854
