genome	coverage	breadth	nucl_diversity	length	true_scaffolds	detected_scaffolds	coverage_median	coverage_std	coverage_SEM	breadth_minCov	breadth_expected	nucl_diversity_rarefied	conANI_reference	popANI_reference	iRep	iRep_GC_corrected	linked_SNV_count	SNV_distance_mean	r2_mean	d_prime_mean	consensus_divergent_sites	population_divergent_sites	SNS_count	SNV_count	filtered_read_pair_count	reads_unfiltered_pairs	reads_mean_PID	divergent_site_count	reads_unfiltered_reads
3300020548-bin.6	45.322725180114205	0.99895608501988	0.01639473612763961	836275	122	122	46	14.368244538655295	0.015946280311531048	0.9923362530268154	1.0	0.012809255252035157	0.9966705468111721	0.9998614234105264	3.532748446074273	False	212074.0	51.104850193800274	0.20210179245061108	0.907447609210134	2763	115	105	41682	189796	30897	0.9733109594476924	41787	274349
