genome	coverage	breadth	nucl_diversity	length	true_scaffolds	detected_scaffolds	coverage_median	coverage_std	coverage_SEM	breadth_minCov	breadth_expected	nucl_diversity_rarefied	conANI_reference	popANI_reference	iRep	iRep_GC_corrected	linked_SNV_count	SNV_distance_mean	r2_mean	d_prime_mean	consensus_divergent_sites	population_divergent_sites	SNS_count	SNV_count	filtered_read_pair_count	reads_unfiltered_pairs	reads_mean_PID	reads_unfiltered_reads	divergent_site_count
3300020557-bin.24	18.248610750803238	0.9963135257755156	0.015839985615596436	1191111	102	102	18	7.431475261022411	0.006868317648560654	0.9722351653204444	0.9999998995417172	0.005780459091320487	0.9945235052329798	0.9994628855652654	3.188809549283533	False	25115.0	31.54927334262393	0.27826458582362107	0.9059000267643816	6342	622	569	41806	99951	36322	0.9674295374093824	167277	42375
