genome	coverage	breadth	nucl_diversity	length	true_scaffolds	detected_scaffolds	coverage_median	coverage_std	coverage_SEM	breadth_minCov	breadth_expected	nucl_diversity_rarefied	conANI_reference	popANI_reference	iRep	iRep_GC_corrected	linked_SNV_count	SNV_distance_mean	r2_mean	d_prime_mean	consensus_divergent_sites	population_divergent_sites	SNS_count	SNV_count	filtered_read_pair_count	reads_unfiltered_pairs	reads_mean_PID	reads_unfiltered_reads	divergent_site_count
3300020523-bin.14	11.846635512587152	0.984978644861364	0.027762114859891596	1566836	218	218	11	6.745046064839128	0.005465142179952415	0.8688892774993682	0.9999713563608204	0.0005995773983082497	0.9971448655692235	0.9995210837023756		False	14674.0	28.09908682022625	0.21473489709370075	0.8784998501258082	3887	652	621	34699	88592	39620	0.9577705361262584	187097	35320
