genome	coverage	breadth	nucl_diversity	length	true_scaffolds	detected_scaffolds	coverage_median	coverage_std	coverage_SEM	breadth_minCov	breadth_expected	nucl_diversity_rarefied	conANI_reference	popANI_reference	iRep	iRep_GC_corrected	linked_SNV_count	SNV_distance_mean	r2_mean	d_prime_mean	consensus_divergent_sites	population_divergent_sites	SNS_count	SNV_count	filtered_read_pair_count	reads_unfiltered_pairs	reads_mean_PID	divergent_site_count	reads_unfiltered_reads
3300020502-bin.7	12.51808746509426	0.9922955692182313	0.013188621643822177	1668780	187	187	12	5.761659690111661	0.004510972395969129	0.9227639353300016	0.9999841679031396	0.0	0.9955087701069556	0.999279169291313	3.5299209032593573	False	2063.0	18.519631604459526	0.4833098824833385	0.9596701669768454	6916	1110	1063	37914	115095	2937	0.9798534467179324	38977	133241
