genome	coverage	breadth	nucl_diversity	length	true_scaffolds	detected_scaffolds	coverage_median	coverage_std	coverage_SEM	breadth_minCov	breadth_expected	nucl_diversity_rarefied	conANI_reference	popANI_reference	iRep	iRep_GC_corrected	linked_SNV_count	SNV_distance_mean	r2_mean	d_prime_mean	consensus_divergent_sites	population_divergent_sites	SNS_count	SNV_count	filtered_read_pair_count	reads_unfiltered_pairs	reads_mean_PID	divergent_site_count	reads_unfiltered_reads
3300020491-bin.6	23.839658815472923	0.9694269739865382	0.0043559074122305535	4439240	127	127	22	19.76024155255962	0.009405545859971607	0.9058446941368342	0.9999999992790264	0.003576481798772415	0.9949799341599728	0.9981953426561114	3.3257920930510294	False	39175.0	46.958647096362476	0.5577785050849825	0.958235519880541	20187	7257	7163	37965	525631	55870	0.9855006810262432	45128	626771
