genome	coverage	breadth	nucl_diversity	length	true_scaffolds	detected_scaffolds	coverage_median	coverage_std	coverage_SEM	breadth_minCov	breadth_expected	nucl_diversity_rarefied	conANI_reference	popANI_reference	iRep	iRep_GC_corrected	linked_SNV_count	SNV_distance_mean	r2_mean	d_prime_mean	consensus_divergent_sites	population_divergent_sites	SNS_count	SNV_count	filtered_read_pair_count	reads_unfiltered_pairs	reads_mean_PID	reads_unfiltered_reads	divergent_site_count
3300020491-bin.6	76.05824105026987	0.999888494426974	0.002107946556692286	4439240	127	127	72	25.035844505603748	0.011916644997189935	0.999285238013714	1.0	0.0020209071547286233	0.9999226792561968	0.9999941389523648	1.3685814378064964	False	66704.0	66.23844147277525	0.604996428790817	0.949499014730602	343	26	22	29235	1607629	204478	0.9962268089699992	1835496	29257
