genome	coverage	breadth	nucl_diversity	length	true_scaffolds	detected_scaffolds	coverage_median	coverage_std	coverage_SEM	breadth_minCov	breadth_expected	nucl_diversity_rarefied	conANI_reference	popANI_reference	iRep	iRep_GC_corrected	linked_SNV_count	SNV_distance_mean	r2_mean	d_prime_mean	consensus_divergent_sites	population_divergent_sites	SNS_count	SNV_count	filtered_read_pair_count	reads_unfiltered_pairs	reads_mean_PID	divergent_site_count	reads_unfiltered_reads
3300020560-bin.30	22.278264861056638	0.9941860410429194	0.01839432418797901	1063131	146	146	23	9.488483452066331	0.009331495181239914	0.9611252047019604	0.9999999971378932	0.0036735914289666017	0.994522422152237	0.9995586229034588	3.1197487088854015	False	61812.0	30.41852714683233	0.31733861038203104	0.9281127106957404	5597	451	408	46920	116759	27664	0.9713755411816952	47328	174206
