genome	coverage	breadth	nucl_diversity	length	true_scaffolds	detected_scaffolds	coverage_median	coverage_std	coverage_SEM	breadth_minCov	breadth_expected	nucl_diversity_rarefied	conANI_reference	popANI_reference	iRep	iRep_GC_corrected	linked_SNV_count	SNV_distance_mean	r2_mean	d_prime_mean	consensus_divergent_sites	population_divergent_sites	SNS_count	SNV_count	filtered_read_pair_count	reads_unfiltered_pairs	reads_mean_PID	divergent_site_count	reads_unfiltered_reads
3300020555-bin.16	42.64231210046642	0.9990620374172616	0.0029904825904218365	4405293	375	375	43	15.306355644990347	0.0073555170865014455	0.993163678329682	1.0	0.002023829450263072	0.9994852779670401	0.9999810293389272	1.7212330570186465	False	58376.0	41.25515622858709	0.6380221844371898	0.9626467119107516	2252	83	81	33587	974906	67071	0.9946262850741648	33668	1061603
