genome	coverage	breadth	nucl_diversity	length	true_scaffolds	detected_scaffolds	coverage_median	coverage_std	coverage_SEM	breadth_minCov	breadth_expected	nucl_diversity_rarefied	conANI_reference	popANI_reference	iRep	iRep_GC_corrected	linked_SNV_count	SNV_distance_mean	r2_mean	d_prime_mean	consensus_divergent_sites	population_divergent_sites	SNS_count	SNV_count	filtered_read_pair_count	reads_unfiltered_pairs	reads_mean_PID	divergent_site_count	reads_unfiltered_reads
3300020548-bin.6	35.160821500104625	0.9986176795910436	0.017349771629098308	836275	122	122	35	12.348819925247644	0.013705066301930302	0.9902520104032764	0.9999999999999672	0.01334182144015921	0.9965488218537584	0.9998128297366454	3.547632364614581	False	158766.0	44.30854213118677	0.2278324942430449	0.9157916239273188	2858	155	142	42176	147974	31661	0.9673388271087529	42318	244201
