genome	coverage	breadth	nucl_diversity	length	true_scaffolds	detected_scaffolds	coverage_median	coverage_std	coverage_SEM	breadth_minCov	breadth_expected	nucl_diversity_rarefied	conANI_reference	popANI_reference	iRep	iRep_GC_corrected	linked_SNV_count	SNV_distance_mean	r2_mean	d_prime_mean	consensus_divergent_sites	population_divergent_sites	SNS_count	SNV_count	filtered_read_pair_count	reads_unfiltered_pairs	reads_mean_PID	divergent_site_count	reads_unfiltered_reads
3300020548-bin.6	31.040758123822908	0.998181220292368	0.01742812897590103	836275	122	122	31	11.314359779802857	0.012556993452391123	0.9887082598427552	0.9999999999987514	0.01351052695552848	0.9965095690539312	0.9997823016041952	3.6308094803908144	False	122007.0	40.7573417918644	0.2361180667771708	0.920831725113238	2886	180	166	40809	131548	28675	0.967193055883522	40975	218809
