genome	coverage	breadth	nucl_diversity	length	true_scaffolds	detected_scaffolds	coverage_median	coverage_std	coverage_SEM	breadth_minCov	breadth_expected	nucl_diversity_rarefied	conANI_reference	popANI_reference	iRep	iRep_GC_corrected	linked_SNV_count	SNV_distance_mean	r2_mean	d_prime_mean	consensus_divergent_sites	population_divergent_sites	SNS_count	SNV_count	filtered_read_pair_count	reads_unfiltered_pairs	reads_mean_PID	reads_unfiltered_reads	divergent_site_count
3300020548-bin.6	18.05512540731219	0.9964042928462528	0.018732421240550624	836275	122	122	17	8.918720210905033	0.009898245545625932	0.9682018474784012	0.9999998808253454	0.005090936150612089	0.994917764112622	0.9994973341418802	3.7815137492161672	False	38744.0	36.71094879207103	0.2460334152502927	0.9240036324261144	4115	407	376	33719	77110	14598	0.9565738874249972	157745	34095
