genome	coverage	breadth	nucl_diversity	length	true_scaffolds	detected_scaffolds	coverage_median	coverage_std	coverage_SEM	breadth_minCov	breadth_expected	nucl_diversity_rarefied	conANI_reference	popANI_reference	iRep	iRep_GC_corrected	linked_SNV_count	SNV_distance_mean	r2_mean	d_prime_mean	consensus_divergent_sites	population_divergent_sites	SNS_count	SNV_count	filtered_read_pair_count	reads_unfiltered_pairs	reads_mean_PID	divergent_site_count	reads_unfiltered_reads
3300020491-bin.6	30.230747154918408	0.9527820077310529	0.009567497149472295	4439240	127	127	31	22.53920551616034	0.010728286421281671	0.9083104315153044	0.9999999999974469	0.009484143695646496	0.9951555078507854	0.99739423164678		False	54570.0	41.247095473703496	0.35115941070886336	0.8855035445636688	19534	10507	10392	41161	623150	92728	0.9839797620138042	51553	774656
