genome	coverage	breadth	nucl_diversity	length	true_scaffolds	detected_scaffolds	coverage_median	coverage_std	coverage_SEM	breadth_minCov	breadth_expected	nucl_diversity_rarefied	conANI_reference	popANI_reference	iRep	iRep_GC_corrected	linked_SNV_count	SNV_distance_mean	r2_mean	d_prime_mean	consensus_divergent_sites	population_divergent_sites	SNS_count	SNV_count	filtered_read_pair_count	reads_unfiltered_pairs	reads_mean_PID	reads_unfiltered_reads	divergent_site_count
3300020548-bin.6	55.76363158052075	0.9988018295417176	0.018029105749973715	836275	122	122	56	20.13876628246655	0.022350567002437483	0.9931170966488296	1.0	0.0160595169720556	0.9963950252793736	0.9998326347741592	3.6858274570382834	False	303470.0	60.772952845421294	0.1936545347093605	0.8983432861766761	2994	139	124	45741	233614	38002	0.9694893104738322	358419	45865
