genome	coverage	breadth	nucl_diversity	length	true_scaffolds	detected_scaffolds	coverage_median	coverage_std	coverage_SEM	breadth_minCov	breadth_expected	nucl_diversity_rarefied	conANI_reference	popANI_reference	iRep	iRep_GC_corrected	linked_SNV_count	SNV_distance_mean	r2_mean	d_prime_mean	consensus_divergent_sites	population_divergent_sites	SNS_count	SNV_count	filtered_read_pair_count	reads_unfiltered_pairs	reads_mean_PID	reads_unfiltered_reads	divergent_site_count
3300020568-bin.14	21.706572420219494	0.9951460376204124	0.01194175221315899	1134331	108	108	22	8.991937290165188	0.008524293037146769	0.9716855133113704	0.999999995258458	0.002343033356077123	0.9966975530138004	0.999742336553824	3.915161865836225	False	18970.0	30.40764364786505	0.3186449076626216	0.962879125532678	3640	284	266	29603	125330	16496	0.9820707666350376	147792	29869
