genome	coverage	breadth	nucl_diversity	length	true_scaffolds	detected_scaffolds	coverage_median	coverage_std	coverage_SEM	breadth_minCov	breadth_expected	nucl_diversity_rarefied	conANI_reference	popANI_reference	iRep	iRep_GC_corrected	linked_SNV_count	SNV_distance_mean	r2_mean	d_prime_mean	consensus_divergent_sites	population_divergent_sites	SNS_count	SNV_count	filtered_read_pair_count	reads_unfiltered_pairs	reads_mean_PID	reads_unfiltered_reads	divergent_site_count
3300021141-bin.52	21.063639441722255	0.9973992556622884	0.02558677893518326	5723746	520	520	19	16.520103905534437	0.0069687433412829024	0.9768941528851908	0.9999999916348672	0.007465470336600557	0.9993148521665228	0.999983546436784	1.9310511919284867	False	207894.0	36.545826238371475	0.1661644079004463	0.8741817394817016	3831	92	91	160348	596742	217526	0.9677670904522702	1053371	160439
