genome	coverage	breadth	nucl_diversity	length	true_scaffolds	detected_scaffolds	coverage_median	coverage_std	coverage_SEM	breadth_minCov	breadth_expected	nucl_diversity_rarefied	conANI_reference	popANI_reference	iRep	iRep_GC_corrected	linked_SNV_count	SNV_distance_mean	r2_mean	d_prime_mean	consensus_divergent_sites	population_divergent_sites	SNS_count	SNV_count	filtered_read_pair_count	reads_unfiltered_pairs	reads_mean_PID	divergent_site_count	reads_unfiltered_reads
3300020548-bin.6	17.181402050760813	0.995682042390362	0.01641147829048693	836275	122	122	17	7.482643568610058	0.008304447456703574	0.9602678544737078	0.9999997422248158	0.0005976246207077063	0.9961671033362888	0.999525557625447	3.9518732731941535	False	14382.0	27.71137533027395	0.2760754382609025	0.9394919174784868	3078	381	348	27843	71880	16028	0.9707435662588144	28191	112057
