genome	coverage	breadth	nucl_diversity	length	true_scaffolds	detected_scaffolds	coverage_median	coverage_std	coverage_SEM	breadth_minCov	breadth_expected	nucl_diversity_rarefied	conANI_reference	popANI_reference	iRep	iRep_GC_corrected	linked_SNV_count	SNV_distance_mean	r2_mean	d_prime_mean	consensus_divergent_sites	population_divergent_sites	SNS_count	SNV_count	filtered_read_pair_count	reads_unfiltered_pairs	reads_mean_PID	reads_unfiltered_reads	divergent_site_count
3300020549-bin.11	10.22808122810354	0.9868004154683704	0.001416455154314694	2823801	162	162	9	6.529634267494763	0.003908209351119521	0.8255514464369125	0.9998804045456664	0.00021375912239047004	0.9995916254038169	0.9996581149651702	2.4445486659415767	False	273.0	35.956043956043956	0.6583006901812738	0.9581289722271571	952	797	797	1164	166519	6527	0.9958154906637332	175789	1961
