genome	coverage	breadth	nucl_diversity	length	true_scaffolds	detected_scaffolds	coverage_median	coverage_std	coverage_SEM	breadth_minCov	breadth_expected	nucl_diversity_rarefied	conANI_reference	popANI_reference	iRep	iRep_GC_corrected	linked_SNV_count	SNV_distance_mean	r2_mean	d_prime_mean	consensus_divergent_sites	population_divergent_sites	SNS_count	SNV_count	filtered_read_pair_count	reads_unfiltered_pairs	reads_mean_PID	divergent_site_count	reads_unfiltered_reads
3300020562-bin.13	9.74783737218454	0.995232414194682	0.0058034717596629395	1336106	71	71	9	4.256248216729406	0.0037019182561969476	0.9095056829323422	0.9998172406686024	0.0011372958330081494	0.9987862040362212	0.9998633965220424	1.8771105775983268	False	438.0	31.433789954337897	0.5181193232951358	0.962604859215751	1475	166	162	11093	64687	11447	0.989585777470973	11255	79476
