genome	coverage	breadth	nucl_diversity	length	true_scaffolds	detected_scaffolds	coverage_median	coverage_std	coverage_SEM	breadth_minCov	breadth_expected	nucl_diversity_rarefied	conANI_reference	popANI_reference	iRep	iRep_GC_corrected	linked_SNV_count	SNV_distance_mean	r2_mean	d_prime_mean	consensus_divergent_sites	population_divergent_sites	SNS_count	SNV_count	filtered_read_pair_count	reads_unfiltered_pairs	reads_mean_PID	divergent_site_count	reads_unfiltered_reads
3300020556-bin.9	51.23621596785157	0.9986766474301068	0.024100063992913177	1216607	100	100	51	18.956888404222955	0.017329716792782546	0.9925612790325882	1.0	0.020674129997721703	0.9971396795347964	0.9998989695724508	2.6990346222830146	False	322906.0	55.99971508736289	0.2323324960419677	0.8899733225523573	3454	122	112	57703	297539	73611	0.9675798506825668	57815	468941
