genome	coverage	breadth	nucl_diversity	length	true_scaffolds	detected_scaffolds	coverage_median	coverage_std	coverage_SEM	breadth_minCov	breadth_expected	nucl_diversity_rarefied	conANI_reference	popANI_reference	iRep	iRep_GC_corrected	linked_SNV_count	SNV_distance_mean	r2_mean	d_prime_mean	consensus_divergent_sites	population_divergent_sites	SNS_count	SNV_count	filtered_read_pair_count	reads_unfiltered_pairs	reads_mean_PID	reads_unfiltered_reads	divergent_site_count
3300020557-bin.24	16.934458669259204	0.9956821824330394	0.015222958297934816	1191111	102	102	17	6.4695509856755	0.005979288048799175	0.970209325579228	0.9999996794177634	0.0003288789592933532	0.9948945464237164	0.9994738786823084	3.1213667080745005	False	14138.0	25.632338378837176	0.2951426130417344	0.9133417607265925	5900	608	562	38120	103189	13885	0.9716621730244704	138613	38682
