genome	coverage	breadth	nucl_diversity	length	true_scaffolds	detected_scaffolds	coverage_median	coverage_std	coverage_SEM	breadth_minCov	breadth_expected	nucl_diversity_rarefied	conANI_reference	popANI_reference	iRep	iRep_GC_corrected	linked_SNV_count	SNV_distance_mean	r2_mean	d_prime_mean	consensus_divergent_sites	population_divergent_sites	SNS_count	SNV_count	filtered_read_pair_count	reads_unfiltered_pairs	reads_mean_PID	divergent_site_count	reads_unfiltered_reads
3300020548-bin.6	98.27012645361872	0.9995515829123196	0.0190885691665802	836275	122	122	98	32.05047501852346	0.03557051506105074	0.9969376102358674	1.0	0.018389446008798462	0.9963164826307342	0.9998596641054366	3.9677286378997887	False	566295.0	91.23209987727243	0.17607286717034026	0.8700515850836763	3071	117	100	49381	370905	156434	0.9659165218970219	49481	707918
