genome	coverage	breadth	nucl_diversity	length	true_scaffolds	detected_scaffolds	coverage_median	coverage_std	coverage_SEM	breadth_minCov	breadth_expected	nucl_diversity_rarefied	conANI_reference	popANI_reference	iRep	iRep_GC_corrected	linked_SNV_count	SNV_distance_mean	r2_mean	d_prime_mean	consensus_divergent_sites	population_divergent_sites	SNS_count	SNV_count	filtered_read_pair_count	reads_unfiltered_pairs	reads_mean_PID	divergent_site_count	reads_unfiltered_reads
3300020548-bin.6	29.17041643000209	0.9979611969746792	0.017103452422780517	836275	122	122	28	12.417311853453555	0.013781080562636291	0.9858802427431168	0.9999999999934888	0.0117733771660434	0.9962157369549054	0.9996955608896414	3.79367345357453	False	105733.0	43.621480521691424	0.2423356035645929	0.9279433265223791	3120	251	229	38096	123740	15536	0.9660019853317976	38325	198794
