genome	coverage	breadth	nucl_diversity	length	true_scaffolds	detected_scaffolds	coverage_median	coverage_std	coverage_SEM	breadth_minCov	breadth_expected	nucl_diversity_rarefied	conANI_reference	popANI_reference	iRep	iRep_GC_corrected	linked_SNV_count	SNV_distance_mean	r2_mean	d_prime_mean	consensus_divergent_sites	population_divergent_sites	SNS_count	SNV_count	filtered_read_pair_count	reads_unfiltered_pairs	reads_mean_PID	divergent_site_count	reads_unfiltered_reads
3300020491-bin.6	65.48897874410936	0.9998952523404908	0.002564078944092916	4439240	127	127	65	18.018536412788524	0.008576523222617094	0.9992115767563816	1.0	0.0023528171512039657	0.9998466997614828	0.999995040286401	1.4523525299598563	False	76582.0	57.9472852628555	0.6099829313448805	0.9557471925129148	680	22	20	31614	1364133	227876	0.9955281745709202	31634	1615229
