genome	coverage	breadth	nucl_diversity	length	true_scaffolds	detected_scaffolds	coverage_median	coverage_std	coverage_SEM	breadth_minCov	breadth_expected	nucl_diversity_rarefied	conANI_reference	popANI_reference	iRep	iRep_GC_corrected	linked_SNV_count	SNV_distance_mean	r2_mean	d_prime_mean	consensus_divergent_sites	population_divergent_sites	SNS_count	SNV_count	filtered_read_pair_count	reads_unfiltered_pairs	reads_mean_PID	divergent_site_count	reads_unfiltered_reads
3300020546-bin.16	19.671227912489684	0.9983205524630404	0.004526362381801483	2792585	303	303	19	7.743062891288308	0.004684612910532581	0.9811565270170828	0.9999999713952844	9.681244404223868e-05	0.9995883156086416	0.9999945254735192	1.970057990847652	False	6866.0	20.702155549082434	0.7998925352012909	0.98928311411757	1128	15	14	24788	274773	39099	0.9931898675993812	24802	321985
