genome	coverage	breadth	nucl_diversity	length	true_scaffolds	detected_scaffolds	coverage_median	coverage_std	coverage_SEM	breadth_minCov	breadth_expected	nucl_diversity_rarefied	conANI_reference	popANI_reference	iRep	iRep_GC_corrected	linked_SNV_count	SNV_distance_mean	r2_mean	d_prime_mean	consensus_divergent_sites	population_divergent_sites	SNS_count	SNV_count	filtered_read_pair_count	reads_unfiltered_pairs	reads_mean_PID	divergent_site_count	reads_unfiltered_reads
3300020562-bin.31	12.789938949979222	0.9530923270249412	0.013713504771725879	2425552	259	259	13	7.417281147188342	0.004814233611027213	0.8349752963449145	0.9999875465901976	0.0	0.9890563063997204	0.9950085815464164	6.116463352817628	False	5761.0	24.422843256379103	0.5654599248952411	0.9484793633940024	22164	10109	9893	37281	145489	20020	0.974898884848558	47174	194875
