genome	coverage	breadth	nucl_diversity	length	true_scaffolds	detected_scaffolds	coverage_median	coverage_std	coverage_SEM	breadth_minCov	breadth_expected	nucl_diversity_rarefied	conANI_reference	popANI_reference	iRep	iRep_GC_corrected	linked_SNV_count	SNV_distance_mean	r2_mean	d_prime_mean	consensus_divergent_sites	population_divergent_sites	SNS_count	SNV_count	filtered_read_pair_count	reads_unfiltered_pairs	reads_mean_PID	reads_unfiltered_reads	divergent_site_count
3300020548-bin.6	34.75198349825117	0.9983737406953456	0.01714897827642057	836275	122	122	34	12.974094033392308	0.014399013024036313	0.990688469701952	0.9999999999999528	0.014178061004554428	0.9965950019795096	0.9998129121966765	3.4310283283529412	False	143428.0	44.352483476029775	0.24077692459367545	0.9239706730961544	2821	155	138	40602	146198	30768	0.9661816630446466	246627	40740
