genome	coverage	breadth	nucl_diversity	length	true_scaffolds	detected_scaffolds	coverage_median	coverage_std	coverage_SEM	breadth_minCov	breadth_expected	nucl_diversity_rarefied	conANI_reference	popANI_reference	iRep	iRep_GC_corrected	linked_SNV_count	SNV_distance_mean	r2_mean	d_prime_mean	consensus_divergent_sites	population_divergent_sites	SNS_count	SNV_count	filtered_read_pair_count	reads_unfiltered_pairs	reads_mean_PID	divergent_site_count	reads_unfiltered_reads
3300020491-bin.6	15.778609401609286	0.9743494381921228	0.002415102173662028	4439240	127	127	16	8.769799762290933	0.004174278620410434	0.9168177435777296	0.99999911041618	0.0009645799351016293	0.9970545266382536	0.9987346356512352		False	5095.0	34.462414131501475	0.5342472270590857	0.9379336599406948	11988	5150	5116	19349	319456	75339	0.9924072275395824	24465	403493
