genome	coverage	breadth	nucl_diversity	length	true_scaffolds	detected_scaffolds	coverage_median	coverage_std	coverage_SEM	breadth_minCov	breadth_expected	nucl_diversity_rarefied	conANI_reference	popANI_reference	iRep	iRep_GC_corrected	linked_SNV_count	SNV_distance_mean	r2_mean	d_prime_mean	consensus_divergent_sites	population_divergent_sites	SNS_count	SNV_count	filtered_read_pair_count	reads_unfiltered_pairs	reads_mean_PID	reads_unfiltered_reads	divergent_site_count
3300021140-bin.33	16.150372926221493	0.9984308615422924	0.020146273647543417	1172618	80	80	16	5.898596574692565	0.005484713019962847	0.980083027891436	0.9999993593479132	0.0010155736015645418	0.9987156986694952	0.9999521432431044	2.0991943544803067	False	11228.0	28.300587816173852	0.3043169289476076	0.9170472289214636	1476	55	53	27967	90028	21091	0.971058526618782	137750	28020
