genome	coverage	breadth	nucl_diversity	length	true_scaffolds	detected_scaffolds	coverage_median	coverage_std	coverage_SEM	breadth_minCov	breadth_expected	nucl_diversity_rarefied	conANI_reference	popANI_reference	iRep	iRep_GC_corrected	linked_SNV_count	SNV_distance_mean	r2_mean	d_prime_mean	consensus_divergent_sites	population_divergent_sites	SNS_count	SNV_count	filtered_read_pair_count	reads_unfiltered_pairs	reads_mean_PID	divergent_site_count	reads_unfiltered_reads
3300020568-bin.14	16.812694002015284	0.9932259631447964	0.01200300910001668	1134331	108	108	17	7.0524325622347375	0.006685656254626786	0.9583622417089898	0.9999996430281122	0.0008345576987973175	0.9964566277251404	0.9996302088124368	3.8527953236456134	False	5905.0	25.285182049110922	0.3287633669838668	0.9660772426979723	3852	402	372	26672	97195	10468	0.9811276350523876	27044	112808
