genome	coverage	breadth	nucl_diversity	length	true_scaffolds	detected_scaffolds	coverage_median	coverage_std	coverage_SEM	breadth_minCov	breadth_expected	nucl_diversity_rarefied	conANI_reference	popANI_reference	iRep	iRep_GC_corrected	linked_SNV_count	SNV_distance_mean	r2_mean	d_prime_mean	consensus_divergent_sites	population_divergent_sites	SNS_count	SNV_count	filtered_read_pair_count	reads_unfiltered_pairs	reads_mean_PID	divergent_site_count	reads_unfiltered_reads
3300020495-bin.7	8.808281751177297	0.9935937872225672	0.0062635049280080355	5532598	466	466	8	4.985002404919764	0.002137420613544891	0.8390121602906989	0.9995810306479948	6.210299217354685e-05	0.9987362979562108	0.999912536135394	1.9495506204842097	False	1333.0	39.70892723180796	0.473798485507134	0.9684482185785288	5866	406	399	47724	268203	9489	0.9911222882445366	48123	285499
