genome	coverage	breadth	nucl_diversity	length	true_scaffolds	detected_scaffolds	coverage_median	coverage_std	coverage_SEM	breadth_minCov	breadth_expected	nucl_diversity_rarefied	conANI_reference	popANI_reference	iRep	iRep_GC_corrected	linked_SNV_count	SNV_distance_mean	r2_mean	d_prime_mean	consensus_divergent_sites	population_divergent_sites	SNS_count	SNV_count	filtered_read_pair_count	reads_unfiltered_pairs	reads_mean_PID	divergent_site_count	reads_unfiltered_reads
3300020543-bin.11	13.99873176918199	0.9936773000426016	0.01038344703549472	2546855	303	303	13	8.85243121182478	0.005614224994188395	0.941792524505714	0.999995717099762	0.00010337220100354906	0.9966680688682482	0.9995893453247278	2.3557288976965145	False	4310.0	26.66194895591647	0.4429101912717868	0.9249031824094552	7992	985	945	51246	186023	14200	0.9857850429594012	52191	214684
