genome	coverage	breadth	nucl_diversity	length	true_scaffolds	detected_scaffolds	coverage_median	coverage_std	coverage_SEM	breadth_minCov	breadth_expected	nucl_diversity_rarefied	conANI_reference	popANI_reference	iRep	iRep_GC_corrected	linked_SNV_count	SNV_distance_mean	r2_mean	d_prime_mean	consensus_divergent_sites	population_divergent_sites	SNS_count	SNV_count	filtered_read_pair_count	reads_unfiltered_pairs	reads_mean_PID	divergent_site_count	reads_unfiltered_reads
3300020510-bin.6	10.688786121774424	0.9830900053605729	0.01026570994740745	4630102	575	575	11	5.500913287763484	0.0025888152859859554	0.8670979602609187	0.9999203762502186	2.465310613042118e-05	0.9898813177003212	0.9972229916069536	2.9393721728248106	False	2435.0	33.169199178644774	0.4550656038306157	0.9492932859587048	40624	11149	10926	75258	276692	6295	0.982059929747946	86184	304721
