genome	coverage	breadth	nucl_diversity	length	true_scaffolds	detected_scaffolds	coverage_median	coverage_std	coverage_SEM	breadth_minCov	breadth_expected	nucl_diversity_rarefied	conANI_reference	popANI_reference	iRep	iRep_GC_corrected	linked_SNV_count	SNV_distance_mean	r2_mean	d_prime_mean	consensus_divergent_sites	population_divergent_sites	SNS_count	SNV_count	filtered_read_pair_count	reads_unfiltered_pairs	reads_mean_PID	reads_unfiltered_reads	divergent_site_count
3300020548-bin.6	13.538027562703654	0.9936623718274492	0.017536207369952032	836275	122	122	13	6.987316103256027	0.007754719159187083	0.9322352097097246	0.9999935670564322	0.001674113233417252	0.9953963866316916	0.9993945651964776	3.98738458342657	False	11377.0	30.12955963786587	0.2717180674772822	0.9379916046531264	3589	472	442	26384	57782	9079	0.9608067349540002	105657	26826
