genome	coverage	breadth	nucl_diversity	length	true_scaffolds	detected_scaffolds	coverage_median	coverage_std	coverage_SEM	breadth_minCov	breadth_expected	nucl_diversity_rarefied	conANI_reference	popANI_reference	iRep	iRep_GC_corrected	linked_SNV_count	SNV_distance_mean	r2_mean	d_prime_mean	consensus_divergent_sites	population_divergent_sites	SNS_count	SNV_count	filtered_read_pair_count	reads_unfiltered_pairs	reads_mean_PID	divergent_site_count	reads_unfiltered_reads
3300020543-bin.11	12.25689369830634	0.9930628166896036	0.012182131690787232	2546855	303	303	12	7.643380968134477	0.0048474435377802785	0.9142624923680382	0.9999800610835536	9.8574209084594e-05	0.9955370295134968	0.9994451349241184	2.5888232017150634	False	2956.0	26.17185385656292	0.4793696272144633	0.962150756544912	10392	1292	1234	55280	164077	11406	0.9816434399606104	56514	195981
