genome	coverage	breadth	nucl_diversity	length	true_scaffolds	detected_scaffolds	coverage_median	coverage_std	coverage_SEM	breadth_minCov	breadth_expected	nucl_diversity_rarefied	conANI_reference	popANI_reference	iRep	iRep_GC_corrected	linked_SNV_count	SNV_distance_mean	r2_mean	d_prime_mean	consensus_divergent_sites	population_divergent_sites	SNS_count	SNV_count	filtered_read_pair_count	reads_unfiltered_pairs	reads_mean_PID	divergent_site_count	reads_unfiltered_reads
3300021140-bin.22	14.961085376762648	0.9978765087320821	0.02383116016723649	2658358	158	158	15	6.477572824298076	0.003996707404649948	0.963943908232074	0.9999981689818646	0.0004958272967372074	0.999299904624688	0.999974243982848	2.194367344427315	False	16682.0	27.371178515765497	0.19754313831964154	0.8253861698571007	1794	66	63	45265	194308	73086	0.9671700106819132	45328	346321
