genome	coverage	breadth	nucl_diversity	length	true_scaffolds	detected_scaffolds	coverage_median	coverage_std	coverage_SEM	breadth_minCov	breadth_expected	nucl_diversity_rarefied	conANI_reference	popANI_reference	iRep	iRep_GC_corrected	linked_SNV_count	SNV_distance_mean	r2_mean	d_prime_mean	consensus_divergent_sites	population_divergent_sites	SNS_count	SNV_count	filtered_read_pair_count	reads_unfiltered_pairs	reads_mean_PID	reads_unfiltered_reads	divergent_site_count
3300020548-bin.6	17.203070760216438	0.9963492870168306	0.01969555353280027	836275	122	122	16	8.567889423161015	0.00950888370895685	0.9641266329855609	0.9999997471100648	0.00510043476777808	0.9947635732225356	0.9994865275495334	4.024448051355123	False	40210.0	36.70624222830142	0.23746688316320524	0.9286049709138641	4222	414	376	34937	67458	23258	0.9575197283964628	147660	35313
