genome	coverage	breadth	nucl_diversity	length	true_scaffolds	detected_scaffolds	coverage_median	coverage_std	coverage_SEM	breadth_minCov	breadth_expected	nucl_diversity_rarefied	conANI_reference	popANI_reference	iRep	iRep_GC_corrected	linked_SNV_count	SNV_distance_mean	r2_mean	d_prime_mean	consensus_divergent_sites	population_divergent_sites	SNS_count	SNV_count	filtered_read_pair_count	reads_unfiltered_pairs	reads_mean_PID	reads_unfiltered_reads	divergent_site_count
3300020556-bin.9	9.067114524246529	0.9886167020245652	0.015763840458929517	1216607	100	100	9	4.6544567350017685	0.004254939699063247	0.8303790788644155	0.9996666315172332	0.00010013384445614192	0.9930917747675068	0.9989200639448846		False	634.0	27.735015772870664	0.3749310403346117	0.9463754786607688	6979	1091	1043	26882	52379	17155	0.969434971020266	83428	27925
