genome	coverage	breadth	nucl_diversity	length	true_scaffolds	detected_scaffolds	coverage_median	coverage_std	coverage_SEM	breadth_minCov	breadth_expected	nucl_diversity_rarefied	conANI_reference	popANI_reference	iRep	iRep_GC_corrected	linked_SNV_count	SNV_distance_mean	r2_mean	d_prime_mean	consensus_divergent_sites	population_divergent_sites	SNS_count	SNV_count	filtered_read_pair_count	reads_unfiltered_pairs	reads_mean_PID	reads_unfiltered_reads	divergent_site_count
3300020500-bin.11	20.427223447151942	0.9971023588551434	0.010810222269434478	1335224	117	117	20	7.7998464971652375	0.006810020750426421	0.9768375942912948	0.9999999853267292	0.00035993757664403944	0.9954534895043076	0.9994656125100342	3.2508092353141422	False	11686.0	24.551856922813624	0.5086493410795204	0.9736706764560068	5930	697	655	32229	138461	23819	0.9836304517455544	171951	32884
