genome	coverage	breadth	nucl_diversity	length	true_scaffolds	detected_scaffolds	coverage_median	coverage_std	coverage_SEM	breadth_minCov	breadth_expected	nucl_diversity_rarefied	conANI_reference	popANI_reference	iRep	iRep_GC_corrected	linked_SNV_count	SNV_distance_mean	r2_mean	d_prime_mean	consensus_divergent_sites	population_divergent_sites	SNS_count	SNV_count	filtered_read_pair_count	reads_unfiltered_pairs	reads_mean_PID	reads_unfiltered_reads	divergent_site_count
3300020557-bin.24	14.068616610878415	0.9938385255446386	0.014361760293408146	1191111	102	102	14	5.370987243504658	0.004963973528680221	0.9573801266212804	0.9999959734010342	0.0	0.9953180876681288	0.9994335052694532	2.866440112623505	False	2678.0	18.699775952203137	0.37434873441125216	0.931298094891067	5339	646	599	32190	85885	12912	0.9757897754566944	109413	32789
