genome	coverage	breadth	nucl_diversity	length	true_scaffolds	detected_scaffolds	coverage_median	coverage_std	coverage_SEM	breadth_minCov	breadth_expected	nucl_diversity_rarefied	conANI_reference	popANI_reference	iRep	iRep_GC_corrected	linked_SNV_count	SNV_distance_mean	r2_mean	d_prime_mean	consensus_divergent_sites	population_divergent_sites	SNS_count	SNV_count	filtered_read_pair_count	reads_unfiltered_pairs	reads_mean_PID	divergent_site_count	reads_unfiltered_reads
3300020548-bin.6	29.49467220710891	0.9979348898388688	0.015329788717680532	836275	122	122	30	9.920078508686762	0.01100958103728924	0.9867615317927716	0.9999999999951098	0.011161947993489012	0.9969474214860812	0.99980732037169	3.3586585839346723	False	82538.0	37.762582083404006	0.24919098576335866	0.9274356398836096	2519	159	151	34924	124178	18562	0.9743870260453396	35075	175079
