genome	coverage	breadth	nucl_diversity	length	true_scaffolds	detected_scaffolds	coverage_median	coverage_std	coverage_SEM	breadth_minCov	breadth_expected	nucl_diversity_rarefied	conANI_reference	popANI_reference	iRep	iRep_GC_corrected	linked_SNV_count	SNV_distance_mean	r2_mean	d_prime_mean	consensus_divergent_sites	population_divergent_sites	SNS_count	SNV_count	filtered_read_pair_count	reads_unfiltered_pairs	reads_mean_PID	reads_unfiltered_reads	divergent_site_count
3300020548-bin.6	42.72998116648232	0.9985351708469103	0.018790985498411558	836275	122	122	42	15.329375245180776	0.01701297009545294	0.9916713999581478	1.0	0.016376904836307826	0.9960979609554932	0.9998143034570908	3.8096067190521334	False	264162.0	52.41032775342404	0.20600411245997166	0.9100365806436584	3236	154	132	47631	171662	47625	0.9637229452097548	312682	47763
