genome	coverage	breadth	nucl_diversity	length	true_scaffolds	detected_scaffolds	coverage_median	coverage_std	coverage_SEM	breadth_minCov	breadth_expected	nucl_diversity_rarefied	conANI_reference	popANI_reference	iRep	iRep_GC_corrected	linked_SNV_count	SNV_distance_mean	r2_mean	d_prime_mean	consensus_divergent_sites	population_divergent_sites	SNS_count	SNV_count	filtered_read_pair_count	reads_unfiltered_pairs	reads_mean_PID	divergent_site_count	reads_unfiltered_reads
3300020491-bin.6	13.013326605454989	0.9628046692677124	0.0021948588034207913	4439240	127	127	13	7.586467548699793	0.00361103219587108	0.9022767410637856	0.9999897759461428	0.0006053617480141523	0.9972444857883924	0.9986178738175718		False	2612.0	32.86791730474732	0.5337638651428013	0.9423380370708656	11037	5536	5505	16067	272036	43676	0.9926665417390276	21572	322479
