genome	coverage	breadth	nucl_diversity	length	true_scaffolds	detected_scaffolds	coverage_median	coverage_std	coverage_SEM	breadth_minCov	breadth_expected	nucl_diversity_rarefied	conANI_reference	popANI_reference	iRep	iRep_GC_corrected	linked_SNV_count	SNV_distance_mean	r2_mean	d_prime_mean	consensus_divergent_sites	population_divergent_sites	SNS_count	SNV_count	filtered_read_pair_count	reads_unfiltered_pairs	reads_mean_PID	divergent_site_count	reads_unfiltered_reads
3300020523-bin.3	15.781093460737026	0.9979395136853816	0.006277134615509666	4818280	186	186	16	5.560986955805754	0.0025432491994641392	0.9790641058635032	0.9999991123652764	5.7253063953012904e-05	0.9981820513608648	0.9998516133340258	1.8836073080364155	False	6920.0	18.224710982658962	0.7623767902077659	0.99640735262382	8576	700	691	63835	400301	25014	0.9892639393035544	64526	453932
