genome	coverage	breadth	nucl_diversity	length	true_scaffolds	detected_scaffolds	coverage_median	coverage_std	coverage_SEM	breadth_minCov	breadth_expected	nucl_diversity_rarefied	conANI_reference	popANI_reference	iRep	iRep_GC_corrected	linked_SNV_count	SNV_distance_mean	r2_mean	d_prime_mean	consensus_divergent_sites	population_divergent_sites	SNS_count	SNV_count	filtered_read_pair_count	reads_unfiltered_pairs	reads_mean_PID	reads_unfiltered_reads	divergent_site_count
3300020557-bin.24	15.579250800303244	0.995090298049468	0.014800690903396647	1191111	102	102	16	6.242226522613861	0.005769190246309682	0.9589374961695426	0.9999989391907064	0.0011310180334406909	0.9941104936871882	0.9993468750246236	2.9705496054545164	False	8666.0	24.06727440572352	0.3270154919199721	0.9241645609612114	6727	746	694	36127	97358	10292	0.9712853916835964	127499	36821
