genome	coverage	breadth	nucl_diversity	length	true_scaffolds	detected_scaffolds	coverage_median	coverage_std	coverage_SEM	breadth_minCov	breadth_expected	nucl_diversity_rarefied	conANI_reference	popANI_reference	iRep	iRep_GC_corrected	linked_SNV_count	SNV_distance_mean	r2_mean	d_prime_mean	consensus_divergent_sites	population_divergent_sites	SNS_count	SNV_count	filtered_read_pair_count	reads_unfiltered_pairs	reads_mean_PID	divergent_site_count	reads_unfiltered_reads
3300020548-bin.6	17.982414875489518	0.9957478102298885	0.01754019505415494	836275	122	122	17	8.523711734482744	0.00945985407243556	0.9679232309945892	0.999999872922962	0.00423117119683272	0.9956093643832232	0.9994885416023226	3.7095877523257816	False	29360.0	34.9691757493188	0.2688627611960657	0.9375308475190174	3554	414	378	31457	76124	13532	0.9612329278085672	31835	139135
