genome	coverage	breadth	nucl_diversity	length	true_scaffolds	detected_scaffolds	coverage_median	coverage_std	coverage_SEM	breadth_minCov	breadth_expected	nucl_diversity_rarefied	conANI_reference	popANI_reference	iRep	iRep_GC_corrected	linked_SNV_count	SNV_distance_mean	r2_mean	d_prime_mean	consensus_divergent_sites	population_divergent_sites	SNS_count	SNV_count	filtered_read_pair_count	reads_unfiltered_pairs	reads_mean_PID	divergent_site_count	reads_unfiltered_reads
3300020562-bin.39	19.31622885533134	0.998510381594937	0.006467939378473301	2066301	220	220	19	6.9526395214899575	0.004889077502857699	0.984411758015894	0.999999960864274	9.29037016957197e-05	0.9996460335353728	0.9999891843580252	1.936975933869459	False	11981.0	24.09473332776897	0.6719459608779272	0.9839200992589329	720	22	21	28824	203394	25817	0.98563517510984	28845	253151
