genome	coverage	breadth	nucl_diversity	length	true_scaffolds	detected_scaffolds	coverage_median	coverage_std	coverage_SEM	breadth_minCov	breadth_expected	nucl_diversity_rarefied	conANI_reference	popANI_reference	iRep	iRep_GC_corrected	linked_SNV_count	SNV_distance_mean	r2_mean	d_prime_mean	consensus_divergent_sites	population_divergent_sites	SNS_count	SNV_count	filtered_read_pair_count	reads_unfiltered_pairs	reads_mean_PID	reads_unfiltered_reads	divergent_site_count
3300020557-bin.24	17.526044172205612	0.995206156269231	0.02089906067120392	1191111	102	102	17	6.823583013823043	0.006306491509979363	0.9676713589245669	0.9999998098584428	0.0048738815153176905	0.9951865514955699	0.9995375688441128	2.8725051849487917	False	25309.0	32.746453830653124	0.25171784357588994	0.8849257073408514	5548	533	492	39595	94999	18513	0.9687127695006432	139535	40087
