genome	coverage	breadth	nucl_diversity	length	true_scaffolds	detected_scaffolds	coverage_median	coverage_std	coverage_SEM	breadth_minCov	breadth_expected	nucl_diversity_rarefied	conANI_reference	popANI_reference	iRep	iRep_GC_corrected	linked_SNV_count	SNV_distance_mean	r2_mean	d_prime_mean	consensus_divergent_sites	population_divergent_sites	SNS_count	SNV_count	filtered_read_pair_count	reads_unfiltered_pairs	reads_mean_PID	divergent_site_count	reads_unfiltered_reads
3300020557-bin.24	18.54081021835916	0.995698973479382	0.015833988089338415	1191111	102	102	18	7.311043248099605	0.006757011980337845	0.9709783555017124	0.9999999223873512	0.00334653957320941	0.9945674306964808	0.9994967761682876	3.2161693390811936	False	26408.0	31.421008785216603	0.2769637240012642	0.9041142707934072	6283	582	529	42091	100711	35274	0.9680056936060716	42620	165107
