genome	coverage	breadth	nucl_diversity	length	true_scaffolds	detected_scaffolds	coverage_median	coverage_std	coverage_SEM	breadth_minCov	breadth_expected	nucl_diversity_rarefied	conANI_reference	popANI_reference	iRep	iRep_GC_corrected	linked_SNV_count	SNV_distance_mean	r2_mean	d_prime_mean	consensus_divergent_sites	population_divergent_sites	SNS_count	SNV_count	filtered_read_pair_count	reads_unfiltered_pairs	reads_mean_PID	reads_unfiltered_reads	divergent_site_count
3300020548-bin.6	24.258441302203227	0.9975319123494066	0.018360963607322298	836275	122	122	23	11.138716221799717	0.012362059311111891	0.9814761890526442	0.9999999995018918	0.01111897608628938	0.9956602467884365	0.9996478976198366	3.6867703297334073	False	82839.0	40.68525694419295	0.2531053630710329	0.9254428805274486	3562	289	269	38408	103587	18772	0.9591488612253316	199600	38677
