genome	coverage	breadth	nucl_diversity	length	true_scaffolds	detected_scaffolds	coverage_median	coverage_std	coverage_SEM	breadth_minCov	breadth_expected	nucl_diversity_rarefied	conANI_reference	popANI_reference	iRep	iRep_GC_corrected	linked_SNV_count	SNV_distance_mean	r2_mean	d_prime_mean	consensus_divergent_sites	population_divergent_sites	SNS_count	SNV_count	filtered_read_pair_count	reads_unfiltered_pairs	reads_mean_PID	divergent_site_count	reads_unfiltered_reads
3300020548-bin.13	25.655450399079662	0.9959417201593606	0.013078828064621665	1400347	202	202	25	11.092710584302388	0.009512109698244849	0.9809454370952344	0.999999999854924	0.0044123477850335005	0.9963302525217228	0.9997626785007104	3.1122983960093187	False	57149.0	32.11372027507043	0.4446535435964355	0.95649773044686	5041	326	305	47136	194240	6961	0.9806410488438412	47441	226538
