genome	coverage	breadth	nucl_diversity	length	true_scaffolds	detected_scaffolds	coverage_median	coverage_std	coverage_SEM	breadth_minCov	breadth_expected	nucl_diversity_rarefied	conANI_reference	popANI_reference	iRep	iRep_GC_corrected	linked_SNV_count	SNV_distance_mean	r2_mean	d_prime_mean	consensus_divergent_sites	population_divergent_sites	SNS_count	SNV_count	filtered_read_pair_count	reads_unfiltered_pairs	reads_mean_PID	divergent_site_count	reads_unfiltered_reads
3300020548-bin.6	29.352674658455648	0.9981190397895428	0.01671111784227261	836275	122	122	29	10.854774421790113	0.012046932746907577	0.9876535828525306	0.9999999999944564	0.009249460216785505	0.9966002784672195	0.9997857013136388	3.6177910779168307	False	90824.0	38.64890337355765	0.2543572494161482	0.9283955266765096	2808	177	157	37343	123254	26746	0.9688399960065444	37500	198640
