genome	coverage	breadth	nucl_diversity	length	true_scaffolds	detected_scaffolds	coverage_median	coverage_std	coverage_SEM	breadth_minCov	breadth_expected	nucl_diversity_rarefied	conANI_reference	popANI_reference	iRep	iRep_GC_corrected	linked_SNV_count	SNV_distance_mean	r2_mean	d_prime_mean	consensus_divergent_sites	population_divergent_sites	SNS_count	SNV_count	filtered_read_pair_count	reads_unfiltered_pairs	reads_mean_PID	divergent_site_count	reads_unfiltered_reads
3300020568-bin.14	23.855294442274786	0.995699667909984	0.012875353589647226	1134331	108	108	24	8.271553860947344	0.007841374634626997	0.9754798202641028	0.9999999992889119	0.0013638839212253828	0.9964139728535576	0.9997433387828656	3.948150787112878	False	31434.0	29.71600814404785	0.28898616496539176	0.9581360112992948	3968	284	261	34765	122780	39971	0.9802393077417804	35026	170521
