genome	coverage	breadth	nucl_diversity	length	true_scaffolds	detected_scaffolds	coverage_median	coverage_std	coverage_SEM	breadth_minCov	breadth_expected	nucl_diversity_rarefied	conANI_reference	popANI_reference	iRep	iRep_GC_corrected	linked_SNV_count	SNV_distance_mean	r2_mean	d_prime_mean	consensus_divergent_sites	population_divergent_sites	SNS_count	SNV_count	filtered_read_pair_count	reads_unfiltered_pairs	reads_mean_PID	divergent_site_count	reads_unfiltered_reads
3300020542-bin.8	31.102331450709904	0.999268622615742	0.0031363240582575488	4789593	274	274	30	19.735605558395214	0.009069847899795338	0.9953551376912402	0.9999999999988176	0.003175441001666053	0.9999662285892402	0.9999974828762168	1.3363342002907508	False	47768.0	32.13913079886116	0.9256670650050484	0.9961624340783766	161	12	12	40553	764741	75531	0.9948702419421988	40565	861498
