genome	coverage	breadth	nucl_diversity	length	true_scaffolds	detected_scaffolds	coverage_median	coverage_std	coverage_SEM	breadth_minCov	breadth_expected	nucl_diversity_rarefied	conANI_reference	popANI_reference	iRep	iRep_GC_corrected	linked_SNV_count	SNV_distance_mean	r2_mean	d_prime_mean	consensus_divergent_sites	population_divergent_sites	SNS_count	SNV_count	filtered_read_pair_count	reads_unfiltered_pairs	reads_mean_PID	divergent_site_count	reads_unfiltered_reads
3300020548-bin.6	38.87212340438253	0.9985244088368059	0.019102266946718696	836275	122	122	37	17.616300244142575	0.0195510635268935	0.9901061253774176	0.9999999999999988	0.018700091621667362	0.9956473482519947	0.999758454398002	3.5852052777008288	False	229387.0	51.62888045094098	0.2256264534928525	0.9135884503690668	3604	200	184	46497	167383	26952	0.9581148877991112	46681	326668
