genome	coverage	breadth	nucl_diversity	length	true_scaffolds	detected_scaffolds	coverage_median	coverage_std	coverage_SEM	breadth_minCov	breadth_expected	nucl_diversity_rarefied	conANI_reference	popANI_reference	iRep	iRep_GC_corrected	linked_SNV_count	SNV_distance_mean	r2_mean	d_prime_mean	consensus_divergent_sites	population_divergent_sites	SNS_count	SNV_count	filtered_read_pair_count	reads_unfiltered_pairs	reads_mean_PID	reads_unfiltered_reads	divergent_site_count
3300020543-bin.11	11.60387418993229	0.9910721262105616	0.009558199980420354	2546855	303	303	11	7.792005411783088	0.004941701380209464	0.9052686548704186	0.9999645086271636	6.893896276338092e-05	0.9966702637244816	0.999431815224576	2.4489343385940745	False	1683.0	32.20261437908497	0.419383408473502	0.9082222008448722	7677	1310	1275	39905	156340	16859	0.9863353172623212	184077	41180
