genome	coverage	breadth	nucl_diversity	length	true_scaffolds	detected_scaffolds	coverage_median	coverage_std	coverage_SEM	breadth_minCov	breadth_expected	nucl_diversity_rarefied	conANI_reference	popANI_reference	iRep	iRep_GC_corrected	linked_SNV_count	SNV_distance_mean	r2_mean	d_prime_mean	consensus_divergent_sites	population_divergent_sites	SNS_count	SNV_count	filtered_read_pair_count	reads_unfiltered_pairs	reads_mean_PID	divergent_site_count	reads_unfiltered_reads
3300020548-bin.6	28.46817852978984	0.9980305521509072	0.016859381556071355	836275	122	122	28	11.35420797281612	0.01260121809333372	0.9855286837463751	0.999999999987895	0.010737633275016213	0.996436427788826	0.9997318524144808	3.7894437813761734	False	94636.0	40.60951434971892	0.24736628128549706	0.9295265590583324	2937	221	203	37657	122078	16683	0.967061089544255	37860	193804
