genome	coverage	breadth	nucl_diversity	length	true_scaffolds	detected_scaffolds	coverage_median	coverage_std	coverage_SEM	breadth_minCov	breadth_expected	nucl_diversity_rarefied	conANI_reference	popANI_reference	iRep	iRep_GC_corrected	linked_SNV_count	SNV_distance_mean	r2_mean	d_prime_mean	consensus_divergent_sites	population_divergent_sites	SNS_count	SNV_count	filtered_read_pair_count	reads_unfiltered_pairs	reads_mean_PID	divergent_site_count	reads_unfiltered_reads
3300020548-bin.6	40.09211324026187	0.9984825565752892	0.016182224997812574	836275	122	122	40	15.277561342955812	0.016955465575211052	0.9896062897970164	0.9999999999999996	0.012551677158437007	0.9966468620065904	0.9997957908753564	3.94669403041449	False	162988.0	47.72540923258154	0.2121473122330728	0.9176932676343464	2775	169	154	40046	169321	30580	0.973404304124898	40200	246516
