genome	coverage	breadth	nucl_diversity	length	true_scaffolds	detected_scaffolds	coverage_median	coverage_std	coverage_SEM	breadth_minCov	breadth_expected	nucl_diversity_rarefied	conANI_reference	popANI_reference	iRep	iRep_GC_corrected	linked_SNV_count	SNV_distance_mean	r2_mean	d_prime_mean	consensus_divergent_sites	population_divergent_sites	SNS_count	SNV_count	filtered_read_pair_count	reads_unfiltered_pairs	reads_mean_PID	reads_unfiltered_reads	divergent_site_count
3300020525-bin.11	8.856387113959258	0.9962696020888246	0.0011097114556169632	1614305	185	185	8	7.476322425632192	0.005952923756503911	0.848420837450172	0.9995984545464424	0.0001752087923020285	0.9999540015040778	0.9999919685165849	1.7457613489587682	False	2646.0	66.57142857142857	0.20503145122203484	0.8612487069805693	63	11	11	1075	73013	11135	0.9962113858145716	86595	1086
