genome	coverage	breadth	nucl_diversity	length	true_scaffolds	detected_scaffolds	coverage_median	coverage_std	coverage_SEM	breadth_minCov	breadth_expected	nucl_diversity_rarefied	conANI_reference	popANI_reference	iRep	iRep_GC_corrected	linked_SNV_count	SNV_distance_mean	r2_mean	d_prime_mean	consensus_divergent_sites	population_divergent_sites	SNS_count	SNV_count	filtered_read_pair_count	reads_unfiltered_pairs	reads_mean_PID	divergent_site_count	reads_unfiltered_reads
3300020556-bin.9	56.54099557211162	0.9988196681426296	0.0179578396597919	1216607	100	100	58	23.466892939762122	0.021452603400990245	0.9927717003107824	1.0	0.015373286526772188	0.9933665227978172	0.9998766365323108	3.838550333846996	False	392905.0	60.14057087591147	0.25931665293129025	0.8785253823895401	8012	149	133	61995	331724	75164	0.9720697916910528	62128	475766
