genome	coverage	breadth	nucl_diversity	length	true_scaffolds	detected_scaffolds	coverage_median	coverage_std	coverage_SEM	breadth_minCov	breadth_expected	nucl_diversity_rarefied	conANI_reference	popANI_reference	iRep	iRep_GC_corrected	linked_SNV_count	SNV_distance_mean	r2_mean	d_prime_mean	consensus_divergent_sites	population_divergent_sites	SNS_count	SNV_count	filtered_read_pair_count	reads_unfiltered_pairs	reads_mean_PID	reads_unfiltered_reads	divergent_site_count
3300020548-bin.6	23.744680876505928	0.9972174224985799	0.019445621409675082	836275	122	122	22	11.361187547530932	0.012608964220883137	0.9804059669367134	0.9999999992159538	0.013690817695112188	0.9952896062759716	0.9996853232571726	3.6889107816812974	False	96213.0	42.34622140459189	0.23269329646008705	0.9224764755106464	3862	258	233	40356	101054	17763	0.9580133660751116	198779	40589
