genome	coverage	breadth	nucl_diversity	length	true_scaffolds	detected_scaffolds	coverage_median	coverage_std	coverage_SEM	breadth_minCov	breadth_expected	nucl_diversity_rarefied	conANI_reference	popANI_reference	iRep	iRep_GC_corrected	linked_SNV_count	SNV_distance_mean	r2_mean	d_prime_mean	consensus_divergent_sites	population_divergent_sites	SNS_count	SNV_count	filtered_read_pair_count	reads_unfiltered_pairs	reads_mean_PID	divergent_site_count	reads_unfiltered_reads
3300020548-bin.6	21.086705928073897	0.9967941167678096	0.019486862811950414	836275	122	122	20	10.537167562067737	0.011694443756316376	0.974387611730591	0.9999999918035224	0.011186483475867088	0.9950604769431656	0.9995545225168618	3.896475635255412	False	65973.0	38.461567610992375	0.2340158129156197	0.9258529209370692	4025	363	329	37920	90491	22246	0.9571054879355204	38249	187388
