genome	coverage	breadth	nucl_diversity	length	true_scaffolds	detected_scaffolds	coverage_median	coverage_std	coverage_SEM	breadth_minCov	breadth_expected	nucl_diversity_rarefied	conANI_reference	popANI_reference	iRep	iRep_GC_corrected	linked_SNV_count	SNV_distance_mean	r2_mean	d_prime_mean	consensus_divergent_sites	population_divergent_sites	SNS_count	SNV_count	filtered_read_pair_count	reads_unfiltered_pairs	reads_mean_PID	reads_unfiltered_reads	divergent_site_count
3300020548-bin.6	79.88935338255956	0.9990385937640129	0.022574965037292984	836275	122	122	75	40.737655743969846	0.04521179159919785	0.9953149382679144	1.0	0.021913689130751732	0.9961026338458138	0.9998306015327558	3.7858331354902313	False	502698.0	78.1394196913455	0.18252875897367005	0.8720084814507257	3244	141	121	50367	308923	43731	0.9591590224926424	590527	50488
