genome	coverage	breadth	nucl_diversity	length	true_scaffolds	detected_scaffolds	coverage_median	coverage_std	coverage_SEM	breadth_minCov	breadth_expected	nucl_diversity_rarefied	conANI_reference	popANI_reference	iRep	iRep_GC_corrected	linked_SNV_count	SNV_distance_mean	r2_mean	d_prime_mean	consensus_divergent_sites	population_divergent_sites	SNS_count	SNV_count	filtered_read_pair_count	reads_unfiltered_pairs	reads_mean_PID	divergent_site_count	reads_unfiltered_reads
3300020491-bin.6	24.827581072435823	0.9989180580459718	0.0039053217619822132	4439240	127	127	20	31.702738913461094	0.015089975694079525	0.9766797920364748	0.9999999996986516	0.0036332401386534384	0.9986274470006801	0.9999589456504993	2.4271827382040647	False	24712.0	53.80547911945614	0.5020310477474221	0.9323212960406498	5951	178	173	34842	554935	54552	0.9924387093027957	35015	623318
