genome	coverage	breadth	nucl_diversity	length	true_scaffolds	detected_scaffolds	coverage_median	coverage_std	coverage_SEM	breadth_minCov	breadth_expected	nucl_diversity_rarefied	conANI_reference	popANI_reference	iRep	iRep_GC_corrected	linked_SNV_count	SNV_distance_mean	r2_mean	d_prime_mean	consensus_divergent_sites	population_divergent_sites	SNS_count	SNV_count	filtered_read_pair_count	reads_unfiltered_pairs	reads_mean_PID	divergent_site_count	reads_unfiltered_reads
3300020491-bin.6	219.52359300240585	0.9999648588497131	0.00251046364455557	4439240	127	127	215	62.15042262672594	0.029582566016586362	0.9997970373307142	1.0	0.002387004677390132	0.9998625611968802	0.9999905370004408	1.4026080694233105	False	110366.0	92.98550278165376	0.5515036920283698	0.9319649485511754	610	42	29	31769	4872233	608428	0.994872734834484	31798	5563885
