genome	coverage	breadth	nucl_diversity	length	true_scaffolds	detected_scaffolds	coverage_median	coverage_std	coverage_SEM	breadth_minCov	breadth_expected	nucl_diversity_rarefied	conANI_reference	popANI_reference	iRep	iRep_GC_corrected	linked_SNV_count	SNV_distance_mean	r2_mean	d_prime_mean	consensus_divergent_sites	population_divergent_sites	SNS_count	SNV_count	filtered_read_pair_count	reads_unfiltered_pairs	reads_mean_PID	reads_unfiltered_reads	divergent_site_count
3300020548-bin.6	27.252937131924305	0.9979097784819588	0.019306042351401556	836275	122	122	26	13.039617633692222	0.01447173295127531	0.9825894592089922	0.9999999999646012	0.01578729788360431	0.9955422500502	0.999684805559105	3.8797684803064207	False	126771.0	43.932397788137656	0.2304082427366553	0.9257707140580692	3663	259	233	42407	116284	21724	0.9592258632323221	223400	42640
