genome	coverage	breadth	nucl_diversity	length	true_scaffolds	detected_scaffolds	coverage_median	coverage_std	coverage_SEM	breadth_minCov	breadth_expected	nucl_diversity_rarefied	conANI_reference	popANI_reference	iRep	iRep_GC_corrected	linked_SNV_count	SNV_distance_mean	r2_mean	d_prime_mean	consensus_divergent_sites	population_divergent_sites	SNS_count	SNV_count	filtered_read_pair_count	reads_unfiltered_pairs	reads_mean_PID	divergent_site_count	reads_unfiltered_reads
3300020548-bin.6	24.614544258766557	0.9977567187826972	0.01625270528928063	836275	122	122	25	8.934244102054251	0.009915474394921004	0.98414875489522	0.9999999996362822	0.00669481002830651	0.9964897529704658	0.9997484869729616	3.5564219409838835	False	52911.0	32.75980419950483	0.2599698737145548	0.9276600089742144	2889	207	190	34377	104650	23031	0.9699508692279218	34567	165532
