genome	coverage	breadth	nucl_diversity	length	true_scaffolds	detected_scaffolds	coverage_median	coverage_std	coverage_SEM	breadth_minCov	breadth_expected	nucl_diversity_rarefied	conANI_reference	popANI_reference	iRep	iRep_GC_corrected	linked_SNV_count	SNV_distance_mean	r2_mean	d_prime_mean	consensus_divergent_sites	population_divergent_sites	SNS_count	SNV_count	filtered_read_pair_count	reads_unfiltered_pairs	reads_mean_PID	reads_unfiltered_reads	divergent_site_count
3300020548-bin.6	40.28179845146632	0.9986810558727692	0.01613897055387389	836275	122	122	41	13.195039922637866	0.014644224961661075	0.9911775432722488	0.9999999999999996	0.01206306623726461	0.9969079391046174	0.9998491971861402	3.3692570333442657	False	173752.0	47.431753303559105	0.22340888384683627	0.9163997358562568	2563	125	113	40354	170944	26822	0.9714354328021808	254430	40467
