genome	coverage	breadth	nucl_diversity	length	true_scaffolds	detected_scaffolds	coverage_median	coverage_std	coverage_SEM	breadth_minCov	breadth_expected	nucl_diversity_rarefied	conANI_reference	popANI_reference	iRep	iRep_GC_corrected	linked_SNV_count	SNV_distance_mean	r2_mean	d_prime_mean	consensus_divergent_sites	population_divergent_sites	SNS_count	SNV_count	filtered_read_pair_count	reads_unfiltered_pairs	reads_mean_PID	reads_unfiltered_reads	divergent_site_count
3300020548-bin.6	42.207574063555654	0.9986738811993664	0.017451117163699997	836275	122	122	43	14.645103645343909	0.016253546304267966	0.9911261247795282	1.0	0.013540656954187671	0.9964251846525444	0.9997755937716414	3.805037038757217	False	231872.0	53.60647684929617	0.20729581520027476	0.9077456265825636	2963	186	168	43999	163223	47793	0.969688272491592	272432	44167
