genome	coverage	breadth	nucl_diversity	length	true_scaffolds	detected_scaffolds	coverage_median	coverage_std	coverage_SEM	breadth_minCov	breadth_expected	nucl_diversity_rarefied	conANI_reference	popANI_reference	iRep	iRep_GC_corrected	linked_SNV_count	SNV_distance_mean	r2_mean	d_prime_mean	consensus_divergent_sites	population_divergent_sites	SNS_count	SNV_count	filtered_read_pair_count	reads_unfiltered_pairs	reads_mean_PID	divergent_site_count	reads_unfiltered_reads
3300020491-bin.6	36.86750772654778	0.9996416053198296	0.0022077044408797654	4439240	127	127	35	13.601320841527775	0.006474002182154811	0.9980757967580036	0.9999999999999928	0.002067479913932082	0.999900692847944	0.9999939061520329	1.4784733614503278	False	25086.0	39.870644981264455	0.7309373047037623	0.9773233595710251	440	27	26	20648	831476	77720	0.9951721374029346	20674	921609
