genome	coverage	breadth	nucl_diversity	length	true_scaffolds	detected_scaffolds	coverage_median	coverage_std	coverage_SEM	breadth_minCov	breadth_expected	nucl_diversity_rarefied	conANI_reference	popANI_reference	iRep	iRep_GC_corrected	linked_SNV_count	SNV_distance_mean	r2_mean	d_prime_mean	consensus_divergent_sites	population_divergent_sites	SNS_count	SNV_count	filtered_read_pair_count	reads_unfiltered_pairs	reads_mean_PID	divergent_site_count	reads_unfiltered_reads
3300020491-bin.6	9.971477775475082	0.9308498752038638	0.0024285487889506856	4439240	127	127	10	8.853331618499233	0.0042140383926908475	0.8277982267234932	0.999849990941508	0.0002455041566692414	0.9956756771466164	0.9971829721113696		False	756.0	41.753968253968246	0.4099256633728153	0.8875718624913853	15891	10352	10301	15032	225343	31540	0.9898109193395852	25333	264355
