genome	coverage	breadth	nucl_diversity	length	true_scaffolds	detected_scaffolds	coverage_median	coverage_std	coverage_SEM	breadth_minCov	breadth_expected	nucl_diversity_rarefied	conANI_reference	popANI_reference	iRep	iRep_GC_corrected	linked_SNV_count	SNV_distance_mean	r2_mean	d_prime_mean	consensus_divergent_sites	population_divergent_sites	SNS_count	SNV_count	filtered_read_pair_count	reads_unfiltered_pairs	reads_mean_PID	divergent_site_count	reads_unfiltered_reads
3300020548-bin.13	12.971042891511885	0.9922840553091484	0.011772345718617669	1400347	202	202	13	6.250291291159197	0.005359686972418175	0.9305900608920504	0.999989386999788	2.429500214054623e-05	0.9965851947858609	0.999546483172684	3.194287042944395	False	1884.0	19.82855626326964	0.5645475675674011	0.9607431038854156	4450	591	569	29556	99360	5483	0.9815206716804682	30125	116566
