genome	coverage	breadth	nucl_diversity	length	true_scaffolds	detected_scaffolds	coverage_median	coverage_std	coverage_SEM	breadth_minCov	breadth_expected	nucl_diversity_rarefied	conANI_reference	popANI_reference	iRep	iRep_GC_corrected	linked_SNV_count	SNV_distance_mean	r2_mean	d_prime_mean	consensus_divergent_sites	population_divergent_sites	SNS_count	SNV_count	filtered_read_pair_count	reads_unfiltered_pairs	reads_mean_PID	reads_unfiltered_reads	divergent_site_count
3300020508-bin.4	9.267082709694584	0.9942407053233128	0.0067530910209370855	5675695	510	510	9	4.559045513041902	0.0019310893416122324	0.8748732974552015	0.9997205910371286	2.2670387684462202e-05	0.9988619506459956	0.9999123957761472	1.7442283584772051	False	1479.0	25.25422582826234	0.4305981249480387	0.9585640303977055	5651	435	421	53568	294601	9469	0.9914205119325171	312168	53989
