genome	coverage	breadth	nucl_diversity	length	true_scaffolds	detected_scaffolds	coverage_median	coverage_std	coverage_SEM	breadth_minCov	breadth_expected	nucl_diversity_rarefied	conANI_reference	popANI_reference	iRep	iRep_GC_corrected	linked_SNV_count	SNV_distance_mean	r2_mean	d_prime_mean	consensus_divergent_sites	population_divergent_sites	SNS_count	SNV_count	filtered_read_pair_count	reads_unfiltered_pairs	reads_mean_PID	divergent_site_count	reads_unfiltered_reads
3300020562-bin.36	14.436047163623574	0.9968247047760443	0.008273989402094808	3656038	472	472	14	6.655046413702396	0.0035263568732006845	0.942226530468228	0.9999970890458544	2.5043837054160144e-05	0.9987775834761566	0.9999669067956024	2.233998554119498	False	7549.0	21.603523645515967	0.5949732500801777	0.9854236698766348	4211	114	111	56928	287113	17728	0.9878145343578364	57039	327051
