genome	coverage	breadth	nucl_diversity	length	true_scaffolds	detected_scaffolds	coverage_median	coverage_std	coverage_SEM	breadth_minCov	breadth_expected	nucl_diversity_rarefied	conANI_reference	popANI_reference	iRep	iRep_GC_corrected	linked_SNV_count	SNV_distance_mean	r2_mean	d_prime_mean	consensus_divergent_sites	population_divergent_sites	SNS_count	SNV_count	filtered_read_pair_count	reads_unfiltered_pairs	reads_mean_PID	reads_unfiltered_reads	divergent_site_count
3300020543-bin.11	15.18514520850225	0.9939348726174048	0.01881891359924361	2546855	303	303	14	11.108013494970994	0.007044718621020845	0.9479424623702568	0.9999984976548224	0.0007328233708654045	0.99660311679877	0.9996143765077008	2.5370113997202752	False	15495.0	30.160632462084546	0.37629472942239817	0.9206181860080128	8201	931	889	62733	184980	32790	0.9752383673423896	260828	63622
