genome	coverage	breadth	nucl_diversity	length	true_scaffolds	detected_scaffolds	coverage_median	coverage_std	coverage_SEM	breadth_minCov	breadth_expected	nucl_diversity_rarefied	conANI_reference	popANI_reference	iRep	iRep_GC_corrected	linked_SNV_count	SNV_distance_mean	r2_mean	d_prime_mean	consensus_divergent_sites	population_divergent_sites	SNS_count	SNV_count	filtered_read_pair_count	reads_unfiltered_pairs	reads_mean_PID	reads_unfiltered_reads	divergent_site_count
3300020555-bin.16	20.027117152025983	0.9986672850137324	0.002952377053755782	4405293	375	375	20	7.444204188327452	0.003577335609640653	0.984071207068406	0.9999999791089385	0.0005762848135353876	0.9997550241953976	0.9999944638236248	1.7315220262134616	False	9084.0	23.69572875385293	0.7645375893130473	0.986215847650871	1062	24	23	25245	406797	90399	0.9945909142183	506900	25268
