genome	coverage	breadth	nucl_diversity	length	true_scaffolds	detected_scaffolds	coverage_median	coverage_std	coverage_SEM	breadth_minCov	breadth_expected	nucl_diversity_rarefied	conANI_reference	popANI_reference	iRep	iRep_GC_corrected	linked_SNV_count	SNV_distance_mean	r2_mean	d_prime_mean	consensus_divergent_sites	population_divergent_sites	SNS_count	SNV_count	filtered_read_pair_count	reads_unfiltered_pairs	reads_mean_PID	reads_unfiltered_reads	divergent_site_count
3300020510-bin.6	11.492916786714414	0.9801775425249812	0.013037541488785704	4630102	575	575	11	5.9261481378145575	0.0027889374152321967	0.8811466788420644	0.9999608553000476	8.807445483570954e-05	0.9893842809412916	0.9969270544945964	3.096718597044866	False	5134.0	23.00954421503701	0.5157608183072532	0.9671670762674656	43310	12537	12117	104675	294763	15155	0.9786272615725512	345270	116792
