genome	coverage	breadth	nucl_diversity	length	true_scaffolds	detected_scaffolds	coverage_median	coverage_std	coverage_SEM	breadth_minCov	breadth_expected	nucl_diversity_rarefied	conANI_reference	popANI_reference	iRep	iRep_GC_corrected	linked_SNV_count	SNV_distance_mean	r2_mean	d_prime_mean	consensus_divergent_sites	population_divergent_sites	SNS_count	SNV_count	filtered_read_pair_count	reads_unfiltered_pairs	reads_mean_PID	divergent_site_count	reads_unfiltered_reads
3300020558-bin.22	10.955389164776776	0.9906191113345532	0.02413494821592698	1903551	224	224	10	6.207291373011848	0.004552937001614271	0.8696294451790364	0.9999370776186044	0.0012022806583726735	0.9982257893032674	0.9997656132957672	2.4963307658291307	False	8911.0	29.737066546964424	0.264756685213985	0.8974484791059401	2937	388	386	31100	104022	34591	0.962902902399228	31486	192261
