genome	coverage	breadth	nucl_diversity	length	true_scaffolds	detected_scaffolds	coverage_median	coverage_std	coverage_SEM	breadth_minCov	breadth_expected	nucl_diversity_rarefied	conANI_reference	popANI_reference	iRep	iRep_GC_corrected	linked_SNV_count	SNV_distance_mean	r2_mean	d_prime_mean	consensus_divergent_sites	population_divergent_sites	SNS_count	SNV_count	filtered_read_pair_count	reads_unfiltered_pairs	reads_mean_PID	divergent_site_count	reads_unfiltered_reads
3300020556-bin.9	15.537920626792385	0.9962247463642736	0.013201111899813229	1216607	100	100	15	6.025028161015402	0.005507867613741764	0.9692941105878892	0.9999988997618632	0.00048743958557520166	0.9967063811744752	0.999750688997244	2.484517007712985	False	6268.0	19.34045947670708	0.4769848380357978	0.949036761221105	3884	294	277	33178	99022	8793	0.9780087554395064	33455	121565
