genome	coverage	breadth	nucl_diversity	length	true_scaffolds	detected_scaffolds	coverage_median	coverage_std	coverage_SEM	breadth_minCov	breadth_expected	nucl_diversity_rarefied	conANI_reference	popANI_reference	iRep	iRep_GC_corrected	linked_SNV_count	SNV_distance_mean	r2_mean	d_prime_mean	consensus_divergent_sites	population_divergent_sites	SNS_count	SNV_count	filtered_read_pair_count	reads_unfiltered_pairs	reads_mean_PID	divergent_site_count	reads_unfiltered_reads
3300020523-bin.14	11.880466111322436	0.9844029624032126	0.02675935930742381	1566836	218	218	11	7.036761112225817	0.0057015029393415115	0.8548980237880671	0.9999721993616776	0.0011572174540608116	0.99711978857546	0.9995192182069976		False	11224.0	29.76960085531005	0.2252113025521918	0.8877452964802481	3858	644	621	32259	91608	35745	0.9590888155923218	32880	183530
