genome	coverage	breadth	nucl_diversity	length	true_scaffolds	detected_scaffolds	coverage_median	coverage_std	coverage_SEM	breadth_minCov	breadth_expected	nucl_diversity_rarefied	conANI_reference	popANI_reference	iRep	iRep_GC_corrected	linked_SNV_count	SNV_distance_mean	r2_mean	d_prime_mean	consensus_divergent_sites	population_divergent_sites	SNS_count	SNV_count	filtered_read_pair_count	reads_unfiltered_pairs	reads_mean_PID	divergent_site_count	reads_unfiltered_reads
3300020548-bin.6	33.68429523781053	0.9983534124540372	0.018122886841424143	836275	122	122	33	13.203920976091302	0.014654081403584037	0.9896517293952348	0.999999999999879	0.014347131303705381	0.9961576615383128	0.9997680097532566	3.667252110515359	False	165183.0	46.331026800578755	0.23157233668506624	0.9233618824308428	3180	192	168	43513	139118	31265	0.9636706499561792	43681	248084
