genome	coverage	breadth	nucl_diversity	length	true_scaffolds	detected_scaffolds	coverage_median	coverage_std	coverage_SEM	breadth_minCov	breadth_expected	nucl_diversity_rarefied	conANI_reference	popANI_reference	iRep	iRep_GC_corrected	linked_SNV_count	SNV_distance_mean	r2_mean	d_prime_mean	consensus_divergent_sites	population_divergent_sites	SNS_count	SNV_count	filtered_read_pair_count	reads_unfiltered_pairs	reads_mean_PID	reads_unfiltered_reads	divergent_site_count
3300020548-bin.6	34.04037786613255	0.9982792741622074	0.016223891774227096	836275	122	122	35	11.340721701968784	0.012586250652133072	0.9888374039640072	0.9999999999999116	0.01006033239841792	0.9964193290928001	0.9998016784772776	3.7075202750391165	False	129364.0	42.08759778609196	0.2227495325102344	0.9189104462295772	2961	164	155	38654	141280	25603	0.9729929567303964	207261	38809
