genome	coverage	breadth	nucl_diversity	length	true_scaffolds	detected_scaffolds	coverage_median	coverage_std	coverage_SEM	breadth_minCov	breadth_expected	nucl_diversity_rarefied	conANI_reference	popANI_reference	iRep	iRep_GC_corrected	linked_SNV_count	SNV_distance_mean	r2_mean	d_prime_mean	consensus_divergent_sites	population_divergent_sites	SNS_count	SNV_count	filtered_read_pair_count	reads_unfiltered_pairs	reads_mean_PID	divergent_site_count	reads_unfiltered_reads
3300020568-bin.14	41.28167792293432	0.9972239143600942	0.019054411625618016	1134331	108	108	42	14.284245979995587	0.013541364293248008	0.9863038213713634	1.0	0.014282566931175831	0.9964917612252469	0.9998578828114176	3.830021348077232	False	187452.0	52.608817190534104	0.21713999661412392	0.9313320388901078	3925	159	144	45764	216520	33600	0.9743871426775736	45908	281097
