genome	coverage	breadth	nucl_diversity	length	true_scaffolds	detected_scaffolds	coverage_median	coverage_std	coverage_SEM	breadth_minCov	breadth_expected	nucl_diversity_rarefied	conANI_reference	popANI_reference	iRep	iRep_GC_corrected	linked_SNV_count	SNV_distance_mean	r2_mean	d_prime_mean	consensus_divergent_sites	population_divergent_sites	SNS_count	SNV_count	filtered_read_pair_count	reads_unfiltered_pairs	reads_mean_PID	divergent_site_count	reads_unfiltered_reads
3300020548-bin.6	14.562745508355505	0.9937759708229948	0.014755078271551009	836275	122	122	14	7.525623292059191	0.008352147557852891	0.9307201578428148	0.9999973971518856	0.0005196329921100035	0.9963113711523786	0.9994591038854586	4.313807113381617	False	7783.0	27.821277142490047	0.280704853710518	0.9466796479795156	2871	421	393	22238	61246	12358	0.9739612180578592	22631	89786
