genome	coverage	breadth	nucl_diversity	length	true_scaffolds	detected_scaffolds	coverage_median	coverage_std	coverage_SEM	breadth_minCov	breadth_expected	nucl_diversity_rarefied	conANI_reference	popANI_reference	iRep	iRep_GC_corrected	linked_SNV_count	SNV_distance_mean	r2_mean	d_prime_mean	consensus_divergent_sites	population_divergent_sites	SNS_count	SNV_count	filtered_read_pair_count	reads_unfiltered_pairs	reads_mean_PID	reads_unfiltered_reads	divergent_site_count
3300020555-bin.16	30.850600856742105	0.9988643207160114	0.003064355547319223	4405293	375	375	31	9.400181528247195	0.004517286639022239	0.991170848340848	0.9999999999985232	0.0013632852494253678	0.9995346278557292	0.9999825943489348	1.6186022301458003	False	34001.0	30.84403399900003	0.7071762842336667	0.9749569443719384	2032	76	73	32056	629734	147421	0.9945619085486104	791014	32129
