genome	coverage	breadth	nucl_diversity	length	true_scaffolds	detected_scaffolds	coverage_median	coverage_std	coverage_SEM	breadth_minCov	breadth_expected	nucl_diversity_rarefied	conANI_reference	popANI_reference	iRep	iRep_GC_corrected	linked_SNV_count	SNV_distance_mean	r2_mean	d_prime_mean	consensus_divergent_sites	population_divergent_sites	SNS_count	SNV_count	filtered_read_pair_count	reads_unfiltered_pairs	reads_mean_PID	divergent_site_count	reads_unfiltered_reads
3300020497-bin.30	11.420264869098947	0.9884442075287444	0.022839151294309832	1842193	166	166	11	5.453967373790481	0.004055031315802735	0.9013936107671672	0.9999582618040932	0.0001995719310595292	0.9984842289350278	0.9997850098251112	2.516232392875257	False	2415.0	23.53954451345756	0.2292561076724349	0.8330300429071424	2517	357	352	24046	100941	35142	0.9669193053740678	24398	175622
