genome	coverage	breadth	nucl_diversity	length	true_scaffolds	detected_scaffolds	coverage_median	coverage_std	coverage_SEM	breadth_minCov	breadth_expected	nucl_diversity_rarefied	conANI_reference	popANI_reference	iRep	iRep_GC_corrected	linked_SNV_count	SNV_distance_mean	r2_mean	d_prime_mean	consensus_divergent_sites	population_divergent_sites	SNS_count	SNV_count	filtered_read_pair_count	reads_unfiltered_pairs	reads_mean_PID	divergent_site_count	reads_unfiltered_reads
3300020548-bin.6	22.659540223012765	0.9973704821978416	0.017401750951833078	836275	122	122	22	8.8133235435295	0.009781273371513095	0.9815359779976682	0.9999999979560344	0.006001674863655371	0.996289140069734	0.9997526905561904	3.4852800321255297	False	53622.0	34.20191339375629	0.26551109367681025	0.9264470577641409	3046	203	182	35521	94277	19065	0.96580993136089	35703	159823
