genome	coverage	breadth	nucl_diversity	length	true_scaffolds	detected_scaffolds	coverage_median	coverage_std	coverage_SEM	breadth_minCov	breadth_expected	nucl_diversity_rarefied	conANI_reference	popANI_reference	iRep	iRep_GC_corrected	linked_SNV_count	SNV_distance_mean	r2_mean	d_prime_mean	consensus_divergent_sites	population_divergent_sites	SNS_count	SNV_count	filtered_read_pair_count	reads_unfiltered_pairs	reads_mean_PID	divergent_site_count	reads_unfiltered_reads
3300020548-bin.6	52.01340587725329	0.9988735762757466	0.01919436445730817	836275	122	122	50	20.596409371324288	0.022858472123200645	0.9939744701204748	1.0	0.017424081281660002	0.9960624900750208	0.9998159367496114	3.5941959954619183	False	338963.0	57.932585562436024	0.202225640603996	0.9048455588250046	3273	153	137	50307	220878	54252	0.961145073637916	50444	417929
