genome	coverage	breadth	nucl_diversity	length	true_scaffolds	detected_scaffolds	coverage_median	coverage_std	coverage_SEM	breadth_minCov	breadth_expected	nucl_diversity_rarefied	conANI_reference	popANI_reference	iRep	iRep_GC_corrected	linked_SNV_count	SNV_distance_mean	r2_mean	d_prime_mean	consensus_divergent_sites	population_divergent_sites	SNS_count	SNV_count	filtered_read_pair_count	reads_unfiltered_pairs	reads_mean_PID	reads_unfiltered_reads	divergent_site_count
3300020491-bin.6	12.19939561726782	0.907216775844514	0.0019719055882600287	4439240	127	127	11	12.866827729785633	0.006124395694402685	0.8270532793901659	0.9999790226302036	0.001643724231480326	0.9952005835236286	0.9963913813690798		False	3210.0	49.28068535825546	0.4966739285434037	0.9164862174214532	17621	13249	13196	10334	277851	26342	0.989378344568546	314310	23530
