genome	coverage	breadth	nucl_diversity	length	true_scaffolds	detected_scaffolds	coverage_median	coverage_std	coverage_SEM	breadth_minCov	breadth_expected	nucl_diversity_rarefied	conANI_reference	popANI_reference	iRep	iRep_GC_corrected	linked_SNV_count	SNV_distance_mean	r2_mean	d_prime_mean	consensus_divergent_sites	population_divergent_sites	SNS_count	SNV_count	filtered_read_pair_count	reads_unfiltered_pairs	reads_mean_PID	divergent_site_count	reads_unfiltered_reads
3300020497-bin.30	8.994648226325904	0.9864693873008964	0.007951641017133774	1842193	166	166	9	4.400203085208925	0.00327155629719384	0.8476077153696708	0.9996446027513548	0.00017242654000235538	0.9978827466910712	0.9996266307685706	2.3326664690293137	False	169.0	23.798816568047336	0.6678311959810436	0.9748692180460224	3306	583	571	17726	89214	6296	0.9823929737311362	18297	107776
