genome	coverage	breadth	nucl_diversity	length	true_scaffolds	detected_scaffolds	coverage_median	coverage_std	coverage_SEM	breadth_minCov	breadth_expected	nucl_diversity_rarefied	conANI_reference	popANI_reference	iRep	iRep_GC_corrected	linked_SNV_count	SNV_distance_mean	r2_mean	d_prime_mean	consensus_divergent_sites	population_divergent_sites	SNS_count	SNV_count	filtered_read_pair_count	reads_unfiltered_pairs	reads_mean_PID	divergent_site_count	reads_unfiltered_reads
3300020538-bin.12	5.871397775188532	0.8242106701381113	0.021849236102861068	2107864	137	137	4	5.8769346682787935	0.004074467561950183	0.4945176728669402	0.9943969502736724	0.00041963261812007896	0.9800810839850496	0.9909965310022488		False	2391.0	32.66039314094521	0.33214340781427776	0.9488088796742759	20763	9385	8763	39370	59868	21215	0.9480625273906426	48133	144634
